example,split,occluded,false_detection,age,target_x,target_y
0,nominal,1,0,8,-0.19851,0.48159
1,nominal,0,0,0,0.23523,0.29624
2,distractor_swap,1,0,28,0.15099,0.40409
3,self_occlusion,0,0,9,0.22252,0.15467
4,nominal,0,0,31,-0.21070,0.24965
5,combined_stress,0,0,23,-0.34956,0.29859
6,distractor_swap,0,0,14,-0.15997,0.39096
7,distractor_swap,0,0,40,0.42307,0.31845
8,combined_stress,1,0,27,-0.44344,0.24626
9,nominal,0,0,36,0.17654,0.18727
10,distractor_swap,0,0,2,0.35567,0.12937
11,self_occlusion,1,0,32,0.21973,0.25758
12,self_occlusion,1,0,12,-0.36353,0.08911
13,object_displacement,0,0,30,-0.14477,0.43790
14,combined_stress,1,1,21,0.37131,0.31426
15,nominal,1,0,30,0.11905,0.23315
16,self_occlusion,1,0,2,-0.16477,0.21910
17,distractor_swap,1,1,34,-0.31659,0.29401
18,combined_stress,1,0,3,0.09075,0.38711
19,combined_stress,1,0,34,-0.40508,0.35946
20,nominal,0,0,41,-0.44034,0.11617
21,nominal,1,0,27,0.22597,0.14443
22,combined_stress,1,0,26,0.26032,0.33701
23,self_occlusion,1,0,39,0.04868,0.45023
24,distractor_swap,1,0,35,0.08526,0.27033
25,combined_stress,1,0,3,0.01318,0.13124
26,self_occlusion,0,0,14,-0.29882,0.24876
27,distractor_swap,0,0,18,0.31039,0.20476
28,nominal,0,0,11,-0.10900,0.53332
29,distractor_swap,1,0,6,0.00138,0.29157
30,distractor_swap,1,1,40,-0.16445,0.16367
31,self_occlusion,1,0,0,0.03947,0.41041
32,nominal,1,0,40,0.11866,0.18367
33,distractor_swap,0,0,39,0.24370,0.45114
34,self_occlusion,1,0,31,-0.14421,0.28050
35,self_occlusion,0,0,41,0.08161,0.13183
36,object_displacement,0,0,19,-0.22385,0.45546
37,object_displacement,1,0,24,0.16400,0.20039
38,self_occlusion,1,0,30,0.38928,0.47969
39,combined_stress,1,0,29,0.23498,0.51724
40,nominal,0,0,33,0.40422,0.41957
41,nominal,1,0,5,0.39324,0.26053
42,nominal,1,0,19,0.38971,0.45726
43,distractor_swap,1,0,9,-0.20481,0.48860
44,object_displacement,1,0,38,-0.29694,0.12360
45,self_occlusion,1,0,4,-0.11041,0.37613
46,distractor_swap,1,0,11,-0.06016,0.08892
47,self_occlusion,1,1,7,-0.29154,0.21015
48,nominal,1,0,6,-0.36969,0.35059
49,distractor_swap,1,1,9,-0.35499,0.33169
50,nominal,1,0,13,-0.27235,0.12726
51,distractor_swap,1,0,7,-0.15681,0.10321
52,object_displacement,1,0,16,-0.07288,0.17816
53,object_displacement,0,0,13,0.17484,0.50353
54,distractor_swap,1,0,40,0.36031,0.52579
55,object_displacement,1,0,7,-0.37900,0.12025
56,distractor_swap,0,0,33,-0.05917,0.17095
57,combined_stress,1,0,24,0.05827,0.14040
58,self_occlusion,1,0,35,0.32329,0.06798
59,distractor_swap,0,0,36,0.21254,0.19304
60,nominal,1,0,21,-0.28523,0.25515
61,combined_stress,0,0,19,0.15192,0.17650
62,object_displacement,1,0,7,-0.19486,0.47793
63,nominal,1,0,29,-0.17186,0.15194
64,self_occlusion,0,0,10,0.19597,0.23794
65,object_displacement,1,0,10,-0.20092,0.42113
66,combined_stress,1,0,29,-0.07685,0.24210
67,self_occlusion,1,0,35,-0.04655,0.11896
68,nominal,0,0,40,0.08066,0.28223
69,nominal,0,0,7,0.27725,0.42894
70,self_occlusion,1,0,14,0.04904,0.24811
71,object_displacement,0,0,35,-0.40053,0.32351
72,object_displacement,0,0,27,0.01521,0.13761
73,distractor_swap,0,0,37,0.30946,0.46822
74,self_occlusion,0,0,38,-0.09619,0.30809
75,object_displacement,1,0,5,0.39952,0.28728
76,object_displacement,0,0,23,0.40482,0.24018
77,self_occlusion,1,0,2,0.34426,0.26678
78,distractor_swap,1,0,0,0.41188,0.51382
79,nominal,1,0,15,0.26104,0.51830
80,combined_stress,0,0,21,-0.26646,0.31263
81,distractor_swap,0,0,37,0.37063,0.26362
82,distractor_swap,1,0,39,0.27185,0.31599
83,object_displacement,0,0,0,-0.32983,0.26437
84,object_displacement,1,0,16,-0.22724,0.26700
85,combined_stress,1,0,24,-0.04862,0.39611
86,distractor_swap,0,0,32,0.18101,0.46464
87,self_occlusion,1,0,0,-0.00517,0.40333
88,self_occlusion,1,1,19,0.47055,0.23305
89,object_displacement,1,0,24,-0.35169,0.24767
90,combined_stress,1,0,14,0.34861,0.14176
91,combined_stress,1,0,25,0.11345,0.24194
92,self_occlusion,1,0,22,-0.33735,0.22719
93,self_occlusion,1,0,19,-0.16673,0.42095
94,distractor_swap,0,0,4,-0.13553,0.27403
95,object_displacement,1,0,34,-0.32219,0.35870
96,object_displacement,0,0,6,0.05256,0.22554
97,combined_stress,0,0,2,-0.25077,0.27994
98,object_displacement,1,0,21,0.11433,0.08393
99,combined_stress,1,0,21,0.18086,0.22134
100,combined_stress,0,0,34,0.38638,0.04933
101,self_occlusion,1,0,34,-0.34645,0.12968
102,nominal,0,0,7,-0.00455,0.17953
103,combined_stress,1,1,16,-0.05929,0.31223
104,self_occlusion,1,0,20,-0.10931,0.18201
105,object_displacement,1,0,11,-0.09017,0.26847
106,combined_stress,0,0,37,-0.22726,0.60849
107,self_occlusion,1,1,14,-0.07721,0.42054
108,object_displacement,0,0,8,-0.36426,0.10429
109,self_occlusion,0,0,31,-0.18602,0.15638
110,object_displacement,1,0,13,-0.21233,0.07359
111,self_occlusion,0,0,14,0.42170,0.42177
112,object_displacement,0,0,22,-0.06998,0.16965
113,object_displacement,0,0,0,-0.05388,0.21281
114,object_displacement,1,0,38,-0.11063,0.19342
115,nominal,1,0,1,-0.33091,0.41347
116,self_occlusion,1,0,30,0.05419,0.36699
117,distractor_swap,0,0,17,-0.40921,0.45796
118,object_displacement,0,0,31,-0.35129,0.25798
119,distractor_swap,0,0,33,0.29748,0.44467
120,object_displacement,1,0,4,0.08423,0.26060
121,object_displacement,0,0,2,-0.34815,0.48908
122,combined_stress,1,0,4,-0.40053,0.50489
123,distractor_swap,0,0,11,0.14689,0.09024
124,object_displacement,0,0,36,-0.02294,0.42981
125,object_displacement,0,0,26,-0.29295,0.15444
126,combined_stress,1,1,4,-0.07998,0.14978
127,self_occlusion,1,0,25,-0.07547,0.52483
128,object_displacement,0,0,27,0.17974,0.29574
129,distractor_swap,1,0,40,-0.45774,0.10055
130,object_displacement,1,1,27,-0.41657,0.25445
131,nominal,1,0,41,-0.04602,0.16157
132,combined_stress,1,1,32,-0.34025,0.24193
133,self_occlusion,1,0,22,-0.04869,0.33284
134,distractor_swap,1,0,32,0.30998,0.43413
135,self_occlusion,1,0,30,-0.36607,0.50982
136,nominal,0,0,18,0.09191,0.37343
137,combined_stress,1,1,4,0.40189,0.35461
138,nominal,1,0,32,0.28628,0.10146
139,object_displacement,1,1,2,-0.24508,0.32680
140,distractor_swap,0,0,12,0.17866,0.35907
141,object_displacement,1,0,14,0.40064,0.48739
142,self_occlusion,0,0,40,0.06441,0.11345
143,combined_stress,1,0,37,0.20022,0.31673
144,combined_stress,0,0,22,0.39632,0.07281
145,object_displacement,1,0,28,-0.42440,0.38083
146,object_displacement,1,0,22,0.03627,0.28183
147,combined_stress,0,0,28,-0.40312,0.13491
148,object_displacement,1,0,3,0.17899,0.50979
149,self_occlusion,1,0,27,-0.26891,0.46823
150,nominal,1,0,23,-0.07296,0.32076
151,object_displacement,0,0,22,0.00464,0.22675
152,object_displacement,1,0,18,0.38316,0.22025
153,combined_stress,0,0,41,0.04723,0.16943
154,distractor_swap,1,0,23,-0.27476,0.29851
155,combined_stress,1,0,15,-0.23067,0.24310
156,object_displacement,1,1,7,-0.30983,0.51158
157,distractor_swap,1,1,2,0.38272,0.22587
158,combined_stress,0,0,12,-0.35901,0.41353
159,object_displacement,1,0,5,-0.07086,0.25328
160,distractor_swap,0,0,29,0.17619,0.11083
161,distractor_swap,1,1,39,-0.01250,0.34651
162,combined_stress,0,0,0,0.37939,0.10801
163,nominal,1,0,9,-0.14911,0.26605
164,object_displacement,0,0,19,0.01392,0.21856
165,distractor_swap,0,0,1,-0.30090,0.25684
166,object_displacement,1,0,3,0.07424,0.15320
167,distractor_swap,1,0,31,-0.25640,0.17291
168,distractor_swap,0,0,7,-0.26990,0.31063
169,nominal,0,0,30,0.45806,0.40017
170,distractor_swap,1,1,24,0.24850,0.35909
171,distractor_swap,0,0,30,0.11310,0.39372
172,object_displacement,0,0,11,-0.11062,0.25322
173,self_occlusion,1,0,11,-0.08924,0.26505
174,combined_stress,1,1,11,0.11676,0.28523
175,distractor_swap,0,0,38,-0.28424,0.19396
176,distractor_swap,0,0,16,-0.23348,0.44415
177,object_displacement,1,0,35,-0.20435,0.47747
178,object_displacement,1,0,7,0.02086,0.14565
179,self_occlusion,1,0,0,-0.28810,0.47478
180,self_occlusion,1,0,31,0.12530,0.51837
181,distractor_swap,0,0,1,-0.01419,0.21950
182,combined_stress,0,0,30,0.07671,0.32062
183,distractor_swap,1,0,20,-0.16564,0.25440
184,nominal,1,0,8,-0.27020,0.26572
185,nominal,1,0,29,-0.36870,0.39103
186,object_displacement,0,0,2,-0.14495,0.29968
187,distractor_swap,0,0,37,0.39497,0.41627
188,nominal,1,0,29,-0.07058,0.33157
189,distractor_swap,1,0,35,0.21994,0.20636
190,combined_stress,0,0,3,0.32749,0.26688
191,nominal,1,0,28,0.05903,0.11474
192,object_displacement,0,0,4,-0.08471,0.12547
193,object_displacement,1,0,13,-0.31490,0.49483
194,combined_stress,1,1,16,0.21198,0.34442
195,nominal,1,0,38,-0.24816,0.41707
196,nominal,0,0,28,-0.23929,0.42155
197,combined_stress,0,0,28,0.02560,0.13127
198,self_occlusion,1,0,12,0.33133,0.14714
199,combined_stress,0,0,36,-0.35323,0.54696
200,distractor_swap,1,1,9,-0.24289,0.28797
201,distractor_swap,1,0,10,0.16120,0.50427
202,object_displacement,0,0,16,0.23120,0.09181
203,nominal,0,0,17,-0.05708,0.53742
204,combined_stress,1,0,21,0.12194,0.17481
205,object_displacement,1,0,34,0.00436,0.14490
206,nominal,1,0,3,-0.13660,0.20410
207,nominal,0,0,13,0.16108,0.07937
208,object_displacement,0,0,41,0.13192,0.26148
209,distractor_swap,0,0,13,-0.47723,0.33819
210,nominal,0,0,37,0.39165,0.38145
211,combined_stress,1,0,7,0.39627,0.24595
212,nominal,1,0,37,0.03957,0.25295
213,nominal,0,0,41,0.39438,0.11215
214,nominal,1,0,33,0.27186,0.21325
215,object_displacement,1,0,21,0.30430,0.06601
216,combined_stress,1,0,39,-0.28349,0.50932
217,object_displacement,0,0,32,0.05995,0.27489
218,combined_stress,1,1,12,-0.06561,0.13398
219,nominal,0,0,38,0.23415,0.21403
220,self_occlusion,0,0,35,-0.05385,0.18506
221,combined_stress,0,0,38,-0.12940,0.50249
222,object_displacement,0,0,9,0.41654,0.19216
223,distractor_swap,1,0,8,-0.32402,0.53654
224,object_displacement,0,0,28,-0.29847,0.41030
225,combined_stress,1,1,26,-0.35681,0.32809
226,combined_stress,1,1,2,-0.26685,0.28204
227,distractor_swap,0,0,15,0.36405,0.44140
228,distractor_swap,1,1,16,-0.37923,0.39379
229,object_displacement,1,0,41,0.15250,0.46636
230,combined_stress,0,0,35,0.43564,0.44676
231,nominal,1,0,16,-0.09767,0.53270
232,distractor_swap,1,0,18,-0.06509,0.31318
233,distractor_swap,1,0,5,0.40482,0.17649
234,nominal,1,0,8,-0.37315,0.36124
235,distractor_swap,1,0,9,-0.11028,0.20175
236,object_displacement,1,0,37,0.31153,0.39611
237,nominal,1,0,23,-0.26590,0.45245
238,combined_stress,1,0,16,-0.03418,0.44725
239,distractor_swap,0,0,1,-0.02379,0.19646
240,distractor_swap,0,0,21,0.22498,0.36622
241,object_displacement,1,0,35,-0.02411,0.47498
242,self_occlusion,1,0,17,0.18059,0.18598
243,combined_stress,1,0,1,-0.39968,0.17550
244,self_occlusion,0,0,32,0.18803,0.47137
245,distractor_swap,0,0,11,0.07927,0.08332
246,object_displacement,1,1,41,0.19848,0.13622
247,distractor_swap,1,0,0,0.33186,0.25223
248,self_occlusion,0,0,8,-0.15267,0.47497
249,object_displacement,0,0,2,-0.22092,0.53369
250,distractor_swap,0,0,33,0.15071,0.29133
251,distractor_swap,0,0,28,0.16998,0.20737
252,combined_stress,0,0,9,0.02602,0.23730
253,object_displacement,1,0,29,-0.34802,0.50017
254,combined_stress,1,0,21,-0.14865,0.34861
255,self_occlusion,0,0,35,0.03699,0.41673
256,self_occlusion,0,0,20,-0.37218,0.27877
257,distractor_swap,1,1,35,-0.24745,0.22054
258,nominal,0,0,0,-0.01138,0.37434
259,nominal,0,0,19,0.22241,0.40336
260,combined_stress,0,0,34,-0.10145,0.15320
261,distractor_swap,1,0,40,0.38477,0.51744
262,combined_stress,0,0,37,0.03475,0.32502
263,combined_stress,1,1,1,-0.33830,0.29562
264,nominal,0,0,3,0.44166,0.11147
265,combined_stress,0,0,21,0.45887,0.22588
266,nominal,1,0,7,-0.41360,0.35692
267,combined_stress,0,0,18,0.07044,0.43724
268,nominal,0,0,20,0.42362,0.33155
269,self_occlusion,0,0,18,0.20623,0.44139
270,object_displacement,0,0,21,-0.35954,0.41487
271,combined_stress,1,0,14,0.21957,0.35346
272,nominal,1,0,37,-0.15317,0.44357
273,self_occlusion,0,0,19,0.17051,0.52148
274,self_occlusion,0,0,9,-0.35245,0.24780
275,object_displacement,1,1,20,-0.36811,0.56617
276,object_displacement,0,0,4,-0.04437,0.11427
277,combined_stress,1,0,25,-0.34914,0.32246
278,self_occlusion,0,0,24,0.06819,0.43347
279,object_displacement,1,0,6,-0.36380,0.39966
280,combined_stress,1,0,19,0.31038,0.37159
281,object_displacement,1,0,12,0.02538,0.09861
282,object_displacement,1,0,12,-0.01558,0.20240
283,combined_stress,1,0,29,0.42021,0.16822
284,object_displacement,0,0,3,-0.24072,0.22995
285,combined_stress,1,0,12,-0.08591,0.11471
286,object_displacement,1,0,7,-0.21622,0.14763
287,self_occlusion,1,0,23,-0.20845,0.15011
288,object_displacement,0,0,4,-0.05217,0.35514
289,combined_stress,1,0,27,-0.26926,0.44465
290,object_displacement,1,1,32,0.01391,0.26706
291,nominal,0,0,23,0.01341,0.40617
292,distractor_swap,1,1,1,0.45287,0.50998
293,object_displacement,1,0,40,0.22408,0.39931
294,combined_stress,1,0,14,0.23951,0.20759
295,object_displacement,1,1,6,-0.28905,0.29154
296,object_displacement,1,0,20,-0.21150,0.47036
297,nominal,1,0,23,-0.02326,0.47372
298,object_displacement,1,0,16,-0.45143,0.46842
299,nominal,1,0,22,0.40417,0.34963
300,nominal,1,0,10,0.21398,0.52175
301,nominal,0,0,2,0.13998,0.26045
302,self_occlusion,1,0,1,0.26100,0.12759
303,self_occlusion,1,1,4,-0.18460,0.46974
304,distractor_swap,1,1,11,0.18292,0.29359
305,combined_stress,1,0,3,0.21263,0.44397
306,combined_stress,1,0,25,0.22170,0.19712
307,distractor_swap,1,0,3,-0.31908,0.50059
308,combined_stress,0,0,31,-0.14474,0.47491
309,object_displacement,0,0,11,0.45057,0.47374
310,object_displacement,0,0,37,0.44352,0.15808
311,combined_stress,1,0,0,-0.00165,0.14980
312,object_displacement,1,0,27,0.00611,0.26252
313,combined_stress,1,0,15,-0.11586,0.39623
314,object_displacement,0,0,19,-0.16193,0.15068
315,combined_stress,0,0,38,0.19780,0.42549
316,object_displacement,1,0,2,-0.20679,0.23198
317,self_occlusion,0,0,38,-0.35994,0.31818
318,object_displacement,0,0,21,0.04505,0.19481
319,object_displacement,1,0,37,0.35457,0.34069
320,distractor_swap,1,1,32,0.22313,0.36506
321,object_displacement,1,0,0,0.05289,0.16869
322,nominal,0,0,27,0.22188,0.30253
323,nominal,1,0,12,0.16300,0.12059
324,object_displacement,1,0,28,-0.35621,0.12748
325,combined_stress,0,0,25,-0.27439,0.20196
326,distractor_swap,1,0,32,0.25855,0.16622
327,self_occlusion,1,0,10,0.07027,0.23475
328,distractor_swap,1,0,32,0.01182,0.15899
329,combined_stress,1,0,13,-0.18812,0.22365
330,distractor_swap,0,0,20,-0.26527,0.30075
331,self_occlusion,1,0,22,-0.08463,0.42882
332,nominal,1,0,7,0.13887,0.40990
333,object_displacement,1,1,28,0.30528,0.13963
334,combined_stress,1,0,7,0.31257,0.25190
335,self_occlusion,1,0,34,0.02262,0.50082
336,combined_stress,1,0,22,0.06485,0.37995
337,combined_stress,1,0,11,0.39403,0.20608
338,self_occlusion,1,0,25,-0.29065,0.36137
339,combined_stress,1,0,33,0.21799,0.30059
340,self_occlusion,1,0,6,-0.18674,0.22517
341,object_displacement,1,0,7,0.24581,0.45655
342,nominal,1,0,20,-0.42526,0.41307
343,self_occlusion,0,0,9,0.35059,0.45064
344,nominal,1,0,5,-0.21747,0.49923
345,combined_stress,1,0,29,0.13714,0.09910
346,object_displacement,1,0,37,-0.21975,0.29801
347,object_displacement,1,0,10,0.24089,0.44187
348,object_displacement,1,0,10,-0.19433,0.43307
349,nominal,1,0,12,0.15045,0.28873
350,distractor_swap,0,0,38,0.03137,0.29225
351,distractor_swap,1,0,5,-0.26067,0.15663
352,distractor_swap,0,0,39,-0.08700,0.10990
353,nominal,0,0,1,0.32845,0.42016
354,distractor_swap,1,0,5,-0.41000,0.28883
355,object_displacement,0,0,28,0.22159,0.41018
356,object_displacement,1,0,39,0.12581,0.14869
357,object_displacement,1,1,10,-0.07869,0.30648
358,object_displacement,0,0,3,-0.37599,0.34588
359,self_occlusion,0,0,4,0.11733,0.21353
360,distractor_swap,1,1,19,0.16606,0.28342
361,combined_stress,1,1,4,0.28811,0.35489
362,object_displacement,0,0,39,0.35278,0.25417
363,combined_stress,1,0,15,0.19038,0.33546
364,nominal,1,0,25,-0.19721,0.17158
365,distractor_swap,1,0,4,0.22069,0.34909
366,combined_stress,1,0,18,0.45804,0.41893
367,combined_stress,0,0,24,-0.24554,0.49984
368,self_occlusion,0,0,25,0.09299,0.46481
369,distractor_swap,1,0,20,0.11841,0.18389
370,self_occlusion,1,0,20,0.16232,0.16866
371,distractor_swap,1,1,4,-0.41600,0.16538
372,nominal,1,1,33,0.21965,0.24226
373,distractor_swap,1,1,24,0.37520,0.35110
374,self_occlusion,1,0,19,0.06352,0.18667
375,distractor_swap,1,0,29,0.38678,0.32989
376,combined_stress,0,0,36,0.17718,0.25764
377,combined_stress,1,0,40,-0.44316,0.05941
378,distractor_swap,1,0,32,-0.32910,0.28577
379,object_displacement,1,0,8,0.39730,0.37071
380,self_occlusion,1,1,35,-0.31835,0.52548
381,distractor_swap,1,0,1,-0.42546,0.50561
382,object_displacement,0,0,2,-0.39945,0.44447
383,distractor_swap,0,0,33,0.36597,0.12444
384,distractor_swap,0,0,23,-0.46492,0.15803
385,combined_stress,1,1,30,-0.25709,0.15336
386,object_displacement,0,0,9,0.09418,0.14755
387,nominal,0,0,15,0.18179,0.36025
388,distractor_swap,0,0,2,0.14479,0.35824
389,distractor_swap,0,0,22,0.10240,0.49958
390,combined_stress,1,0,30,-0.40769,0.51674
391,object_displacement,0,0,5,0.45976,0.22288
392,self_occlusion,1,0,3,0.42132,0.38847
393,combined_stress,1,1,24,0.29164,0.34012
394,self_occlusion,1,0,24,0.20812,0.12692
395,combined_stress,1,0,13,-0.38445,0.11703
396,object_displacement,1,0,35,0.20337,0.49497
397,nominal,0,0,27,0.01985,0.30368
398,distractor_swap,0,0,15,-0.16192,0.19655
399,object_displacement,1,1,0,0.17651,0.29076
400,nominal,1,0,16,-0.18252,0.37771
401,self_occlusion,1,0,23,-0.24518,0.24279
402,distractor_swap,1,0,21,0.37979,0.45199
403,combined_stress,1,1,36,-0.05154,0.25814
404,combined_stress,1,0,2,-0.28265,0.14861
405,object_displacement,1,1,37,0.31405,0.17153
406,self_occlusion,1,0,35,0.38501,0.41302
407,nominal,1,0,21,-0.08740,0.26173
408,self_occlusion,0,0,25,0.29938,0.12805
409,self_occlusion,0,0,19,0.03047,0.19020
410,self_occlusion,1,0,3,0.00455,0.36782
411,combined_stress,0,0,37,-0.30669,0.11819
412,distractor_swap,0,0,22,-0.05112,0.32335
413,self_occlusion,0,0,41,-0.08258,0.45943
414,nominal,0,0,14,0.42339,0.45999
415,self_occlusion,1,0,3,-0.36636,0.39917
416,object_displacement,1,0,34,0.13687,0.35883
417,self_occlusion,1,0,16,0.25753,0.46702
418,combined_stress,1,1,9,0.43764,0.12173
419,distractor_swap,1,0,15,0.44780,0.36506
420,nominal,1,0,1,0.30744,0.12832
421,combined_stress,0,0,41,-0.07205,0.41894
422,distractor_swap,1,0,1,0.13991,0.18992
423,nominal,1,0,11,-0.14776,0.35312
424,object_displacement,1,0,20,0.12117,0.36184
425,self_occlusion,0,0,22,-0.01515,0.51361
426,combined_stress,0,0,6,-0.38890,0.16903
427,nominal,1,0,25,-0.01383,0.42593
428,distractor_swap,0,0,8,-0.08090,0.49745
429,nominal,1,0,1,0.36891,0.16192
430,nominal,1,0,27,0.32286,0.30347
431,nominal,1,0,33,0.26746,0.17872
432,nominal,1,0,21,-0.41794,0.51427
433,combined_stress,0,0,17,0.19148,0.43879
434,distractor_swap,1,0,16,-0.14133,0.16041
435,distractor_swap,1,0,24,-0.22068,0.11425
436,self_occlusion,1,0,6,0.27579,0.26242
437,combined_stress,0,0,31,0.13686,0.35907
438,object_displacement,1,0,32,-0.34105,0.27916
439,object_displacement,0,0,1,-0.20208,0.18258
440,combined_stress,1,1,17,0.40633,0.35071
441,self_occlusion,0,0,39,-0.18829,0.21994
442,nominal,0,0,2,0.40041,0.31871
443,distractor_swap,1,0,38,-0.27146,0.43015
444,self_occlusion,1,0,3,-0.28300,0.27359
445,distractor_swap,1,1,3,-0.12678,0.19622
446,distractor_swap,1,0,8,0.18013,0.49577
447,nominal,1,0,34,-0.24582,0.21766
448,nominal,0,0,30,-0.16766,0.30432
449,self_occlusion,1,0,0,-0.15989,0.38766
450,object_displacement,0,0,20,0.22195,0.26703
451,nominal,1,0,7,-0.01562,0.30778
452,object_displacement,1,0,10,0.43618,0.06125
453,distractor_swap,1,0,7,-0.20434,0.41390
454,self_occlusion,1,0,36,0.32338,0.31625
455,distractor_swap,1,0,27,-0.27619,0.29022
456,object_displacement,0,0,9,-0.17340,0.10036
457,nominal,1,0,40,0.41530,0.14983
458,nominal,1,0,23,-0.37792,0.12031
459,self_occlusion,0,0,18,0.13588,0.46853
460,self_occlusion,1,0,3,0.22703,0.29567
461,self_occlusion,1,0,22,-0.09778,0.29554
462,self_occlusion,0,0,28,-0.00059,0.45874
463,nominal,0,0,21,-0.42586,0.17713
464,nominal,1,0,39,0.28884,0.19688
465,distractor_swap,1,0,1,-0.28265,0.14773
466,self_occlusion,1,0,36,-0.00234,0.45072
467,combined_stress,1,0,30,-0.00336,0.50032
468,self_occlusion,0,0,31,-0.18746,0.11539
469,combined_stress,1,0,39,0.18997,0.53184
470,distractor_swap,1,0,22,0.16783,0.48654
471,object_displacement,0,0,7,0.19544,0.22586
472,object_displacement,0,0,29,-0.44790,0.47898
473,distractor_swap,1,1,16,0.12139,0.13175
474,distractor_swap,1,0,15,-0.40428,0.29765
475,combined_stress,0,0,31,0.37914,0.46151
476,object_displacement,0,0,19,-0.36702,0.19051
477,distractor_swap,0,0,15,-0.06169,0.21782
478,self_occlusion,0,0,3,0.21603,0.14022
479,self_occlusion,1,0,20,0.08528,0.12457
480,nominal,1,0,20,-0.08814,0.37290
481,combined_stress,0,0,40,-0.16445,0.38627
482,combined_stress,1,1,28,-0.29024,0.34267
483,combined_stress,1,1,40,0.03083,0.38741
484,distractor_swap,1,0,16,-0.34799,0.38679
485,nominal,1,0,20,0.12366,0.35876
486,self_occlusion,0,0,16,0.32236,0.30074
487,object_displacement,1,0,0,0.02148,0.48413
488,combined_stress,0,0,34,-0.23762,0.23527
489,nominal,1,0,22,-0.14078,0.50529
490,object_displacement,1,0,17,-0.40071,0.15671
491,object_displacement,0,0,4,-0.13360,0.45416
492,combined_stress,1,0,14,0.42499,0.43302
493,nominal,1,0,10,-0.00128,0.22319
494,object_displacement,1,0,1,-0.21311,0.18982
495,combined_stress,0,0,7,-0.26537,0.33958
496,object_displacement,1,1,17,0.15258,0.44828
497,combined_stress,1,0,8,-0.33786,0.12066
498,object_displacement,1,1,37,-0.04141,0.46672
499,object_displacement,1,0,8,-0.42641,0.21474
500,object_displacement,0,0,16,-0.32283,0.49991
501,combined_stress,1,0,0,-0.20516,0.53291
502,distractor_swap,1,0,13,-0.09337,0.21445
503,object_displacement,0,0,5,0.07068,0.11094
504,combined_stress,1,1,6,-0.11095,0.09951
505,self_occlusion,1,0,0,0.06956,0.08128
506,object_displacement,0,0,15,-0.46882,0.32344
507,nominal,1,0,34,0.05086,0.11271
508,object_displacement,1,1,41,0.11754,0.10668
509,nominal,0,0,35,0.32745,0.26793
510,distractor_swap,0,0,36,0.14315,0.35330
511,object_displacement,0,0,11,-0.23132,0.33067
512,distractor_swap,1,0,40,0.45256,0.53617
513,combined_stress,1,0,2,-0.43932,0.11758
514,self_occlusion,0,0,13,0.03478,0.16458
515,nominal,1,0,2,-0.38176,0.50525
516,self_occlusion,1,0,30,-0.31450,0.26454
517,combined_stress,1,0,22,-0.00739,0.31441
518,combined_stress,0,0,39,0.13659,0.49724
519,combined_stress,0,0,25,-0.27865,0.11533
520,nominal,1,0,9,0.02874,0.43479
521,distractor_swap,1,0,7,0.26306,0.20190
522,combined_stress,0,0,27,0.24349,0.20105
523,object_displacement,1,0,15,-0.19318,0.28995
524,nominal,1,0,5,0.00120,0.22550
525,object_displacement,0,0,40,0.50814,0.11312
526,self_occlusion,1,0,18,0.43105,0.29760
527,combined_stress,0,0,6,0.18005,0.33893
528,object_displacement,0,0,29,0.38906,0.36129
529,distractor_swap,1,1,22,0.09987,0.50015
530,self_occlusion,0,0,30,0.41961,0.40557
531,object_displacement,0,0,38,-0.22230,0.54614
532,self_occlusion,1,0,22,0.16037,0.13506
533,object_displacement,0,0,30,0.17143,0.21973
534,object_displacement,1,1,3,-0.35608,0.30920
535,combined_stress,0,0,1,-0.45477,0.17183
536,object_displacement,1,0,25,0.34091,0.53242
537,combined_stress,1,1,11,-0.41507,0.47817
538,distractor_swap,1,0,35,0.27646,0.37780
539,nominal,1,0,8,0.10274,0.22931
540,distractor_swap,1,0,22,0.25365,0.47396
541,distractor_swap,1,1,18,-0.40816,0.42617
542,object_displacement,0,0,41,0.07409,0.14762
543,object_displacement,1,0,40,-0.17707,0.31107
544,distractor_swap,1,0,41,0.27770,0.12034
545,self_occlusion,1,0,32,-0.15761,0.51010
546,combined_stress,1,1,29,0.02345,0.50024
547,self_occlusion,1,0,26,-0.30037,0.16834
548,distractor_swap,0,0,15,-0.13521,0.18059
549,nominal,1,0,13,0.34113,0.10631
550,distractor_swap,0,0,0,0.22231,0.20729
551,nominal,0,0,32,0.23039,0.18001
552,object_displacement,1,1,15,-0.28629,0.11020
553,distractor_swap,0,0,32,0.32014,0.19285
554,combined_stress,1,0,28,0.33970,0.48942
555,nominal,1,1,41,-0.04081,0.42302
556,object_displacement,0,0,9,0.37409,0.06502
557,self_occlusion,0,0,12,-0.11063,0.24365
558,object_displacement,1,1,32,-0.05957,0.07034
559,distractor_swap,1,0,15,0.39757,0.33690
560,nominal,1,0,29,0.45732,0.20992
561,self_occlusion,1,0,6,-0.17952,0.33628
562,combined_stress,0,0,30,-0.46718,0.04543
563,distractor_swap,0,0,12,0.24945,0.37369
564,distractor_swap,1,0,21,-0.10921,0.40604
565,object_displacement,1,0,22,0.33337,0.33048
566,distractor_swap,1,0,15,0.05882,0.49410
567,self_occlusion,0,0,29,-0.30418,0.13973
568,self_occlusion,1,0,31,-0.20149,0.55409
569,combined_stress,0,0,22,-0.19205,0.49277
570,object_displacement,1,1,13,-0.10032,0.21688
571,combined_stress,1,1,16,-0.26441,0.38621
572,object_displacement,1,0,8,0.39115,0.46226
573,combined_stress,1,1,41,-0.13685,0.25908
574,distractor_swap,1,0,36,-0.43408,0.11493
575,object_displacement,0,0,41,0.04357,0.13085
576,combined_stress,0,0,27,-0.32009,0.57305
577,object_displacement,1,0,10,0.11182,0.38349
578,combined_stress,1,1,25,-0.30570,0.14520
579,nominal,0,0,19,-0.19978,0.40925
580,combined_stress,1,0,5,0.40563,0.36814
581,self_occlusion,0,0,15,-0.37741,0.19947
582,object_displacement,1,0,2,0.31403,0.15794
583,nominal,1,0,23,-0.11244,0.10536
584,combined_stress,1,0,2,-0.03838,0.49516
585,self_occlusion,0,0,22,0.12528,0.34673
586,nominal,1,0,16,0.14692,0.46492
587,self_occlusion,1,0,23,0.19587,0.16756
588,combined_stress,0,0,0,-0.12036,0.21898
589,self_occlusion,1,0,9,0.07540,0.36150
590,distractor_swap,1,0,39,-0.42350,0.47396
591,nominal,1,0,4,-0.07606,0.51758
592,combined_stress,1,0,36,0.15457,0.41000
593,combined_stress,1,0,3,-0.38191,0.30800
594,combined_stress,1,1,18,0.11364,0.12456
595,nominal,1,0,37,0.14686,0.14799
596,nominal,0,0,19,-0.08611,0.23751
597,object_displacement,1,0,27,0.05157,0.33072
598,nominal,1,0,25,0.09354,0.32485
599,distractor_swap,0,0,33,0.15707,0.37100
600,nominal,0,0,35,-0.10062,0.27369
601,nominal,0,0,41,0.44790,0.14220
602,object_displacement,0,0,40,0.41215,0.08945
603,self_occlusion,0,0,27,0.27368,0.26015
604,object_displacement,1,0,6,0.03955,0.21224
605,object_displacement,0,0,37,-0.39684,0.34524
606,object_displacement,1,0,3,0.27813,0.37938
607,nominal,1,0,9,0.40808,0.25287
608,combined_stress,1,0,19,0.01707,0.49107
609,combined_stress,0,0,31,-0.08728,0.15203
610,nominal,1,0,4,0.15716,0.46845
611,distractor_swap,1,0,13,-0.01691,0.12729
612,self_occlusion,0,0,32,-0.38191,0.29551
613,self_occlusion,0,0,23,0.10843,0.16959
614,nominal,0,0,4,0.45726,0.19363
615,nominal,0,0,3,0.42053,0.45119
616,object_displacement,1,0,16,0.07408,0.37285
617,nominal,0,0,7,-0.39254,0.27867
618,nominal,0,0,5,0.46100,0.25033
619,self_occlusion,1,0,40,0.15120,0.20278
620,combined_stress,1,0,17,-0.28794,0.56711
621,distractor_swap,0,0,41,0.24776,0.15079
622,combined_stress,1,0,24,-0.37157,0.36286
623,distractor_swap,1,0,23,-0.29284,0.53120
624,distractor_swap,0,0,24,-0.08345,0.51748
625,object_displacement,1,0,35,-0.01882,0.13909
626,combined_stress,1,0,3,-0.05494,0.20685
627,self_occlusion,1,0,24,-0.24949,0.14083
628,combined_stress,1,0,29,-0.35047,0.41954
629,self_occlusion,1,0,23,-0.23192,0.20474
630,combined_stress,0,0,18,-0.43117,0.19580
631,object_displacement,1,0,35,0.14837,0.19688
632,combined_stress,0,0,26,0.26624,0.28321
633,distractor_swap,1,0,39,0.32071,0.11294
634,object_displacement,0,0,20,0.12439,0.46014
635,self_occlusion,1,0,7,0.10867,0.45048
636,nominal,0,0,3,0.18365,0.31429
637,object_displacement,0,0,12,-0.10949,0.40271
638,combined_stress,1,0,31,-0.43486,0.39125
639,nominal,0,0,35,-0.03626,0.29913
640,object_displacement,1,0,16,-0.17818,0.18414
641,distractor_swap,1,0,32,0.06242,0.52329
642,combined_stress,1,1,6,0.35079,0.40936
643,object_displacement,1,0,39,0.39864,0.45006
644,object_displacement,0,0,15,-0.45798,0.52877
645,distractor_swap,1,0,1,0.16292,0.46514
646,distractor_swap,0,0,25,-0.28275,0.41057
647,combined_stress,0,0,21,0.29409,0.08749
648,nominal,0,0,18,0.35297,0.48072
649,nominal,1,0,4,0.36421,0.40366
650,object_displacement,1,0,7,-0.34784,0.35266
651,distractor_swap,1,0,24,-0.23271,0.13081
652,distractor_swap,0,0,22,0.22651,0.47566
653,self_occlusion,0,0,11,-0.32115,0.09124
654,self_occlusion,1,0,38,-0.09737,0.38088
655,self_occlusion,0,0,7,-0.21804,0.09128
656,distractor_swap,0,0,27,0.05800,0.26609
657,nominal,1,0,13,-0.02065,0.52074
658,combined_stress,1,1,9,0.15385,0.49183
659,distractor_swap,1,0,0,0.00517,0.21657
660,self_occlusion,1,0,13,0.24839,0.52624
661,combined_stress,1,0,40,-0.12739,0.43805
662,self_occlusion,1,0,11,-0.23435,0.19849
663,distractor_swap,1,0,25,-0.02547,0.11538
664,nominal,1,0,17,0.34278,0.48480
665,distractor_swap,1,0,0,-0.30464,0.29143
666,nominal,0,0,23,0.35253,0.14871
667,self_occlusion,0,0,11,0.16557,0.22194
668,combined_stress,1,0,9,0.32169,0.42493
669,object_displacement,1,0,7,-0.16582,0.15889
670,nominal,1,0,18,0.23210,0.50578
671,object_displacement,1,0,17,0.32681,0.16982
672,self_occlusion,0,0,14,-0.13114,0.24087
673,combined_stress,0,0,6,0.38661,0.20910
674,self_occlusion,1,0,35,-0.42557,0.38496
675,combined_stress,0,0,2,0.29470,0.35585
676,self_occlusion,1,0,9,0.22747,0.50022
677,distractor_swap,0,0,37,-0.01581,0.24401
678,nominal,1,0,28,-0.31147,0.44184
679,distractor_swap,0,0,31,-0.23481,0.27295
680,nominal,1,0,24,-0.04805,0.50247
681,object_displacement,1,1,35,-0.02802,0.36099
682,nominal,0,0,12,-0.17721,0.32978
683,nominal,1,0,0,-0.21868,0.08767
684,combined_stress,0,0,39,-0.03735,0.31754
685,self_occlusion,1,0,39,0.09212,0.33214
686,object_displacement,1,0,5,-0.33524,0.32506
687,nominal,1,0,9,0.30998,0.35658
688,object_displacement,0,0,35,-0.45132,0.35185
689,nominal,0,0,13,0.12753,0.41257
690,self_occlusion,1,0,11,0.04112,0.45335
691,nominal,0,0,33,-0.33528,0.45775
692,distractor_swap,0,0,4,0.11236,0.22600
693,object_displacement,1,0,23,0.29922,0.18442
694,self_occlusion,1,0,20,0.26735,0.23593
695,nominal,1,0,30,-0.05681,0.37738
696,combined_stress,1,0,18,-0.11983,0.26112
697,nominal,1,0,26,-0.14672,0.35070
698,combined_stress,1,0,4,-0.09275,0.30226
699,nominal,1,0,36,0.33323,0.33197
700,self_occlusion,0,0,8,0.18516,0.23416
701,combined_stress,0,0,28,0.16366,0.25744
702,object_displacement,1,1,9,-0.19877,0.28068
703,self_occlusion,1,0,31,-0.40626,0.52448
704,object_displacement,0,0,13,-0.47173,0.30548
705,combined_stress,1,1,32,-0.50184,0.30708
706,object_displacement,1,0,14,-0.21935,0.49944
707,combined_stress,1,1,13,-0.13249,0.46519
708,nominal,1,0,30,0.13786,0.50913
709,distractor_swap,1,1,16,-0.18208,0.33700
710,combined_stress,1,1,5,-0.09474,0.42233
711,object_displacement,1,0,14,-0.36233,0.44839
712,combined_stress,0,0,21,0.39447,0.20970
713,nominal,1,0,23,-0.32123,0.10617
714,object_displacement,0,0,11,0.12687,0.52656
715,distractor_swap,0,0,23,-0.31799,0.45715
716,self_occlusion,0,0,41,0.45504,0.53282
717,distractor_swap,1,1,33,0.41531,0.44682
718,combined_stress,0,0,27,-0.37734,0.44463
719,combined_stress,1,0,8,-0.04180,0.36589
720,nominal,1,0,36,0.08522,0.37160
721,combined_stress,0,0,36,-0.01981,0.38716
722,nominal,0,0,38,-0.16968,0.25028
723,distractor_swap,0,0,9,0.36788,0.17966
724,combined_stress,1,0,1,0.39248,0.36210
725,distractor_swap,0,0,38,0.06266,0.26059
726,nominal,0,0,37,-0.19633,0.49379
727,object_displacement,1,0,30,-0.21934,0.03811
728,combined_stress,0,0,13,-0.03783,0.23456
729,combined_stress,1,0,23,0.25043,0.53051
730,self_occlusion,0,0,30,0.34274,0.47559
731,object_displacement,1,0,21,0.01176,0.40082
732,self_occlusion,1,0,2,-0.39525,0.12621
733,self_occlusion,1,0,21,0.31372,0.41392
734,nominal,1,0,20,-0.24634,0.52379
735,object_displacement,0,0,8,-0.37693,0.43540
736,object_displacement,1,0,5,0.39660,0.22344
737,distractor_swap,1,1,34,0.00594,0.51034
738,object_displacement,0,0,13,-0.30960,0.11832
739,combined_stress,1,1,13,-0.30835,0.50999
740,distractor_swap,1,1,4,-0.40766,0.11100
741,distractor_swap,0,0,26,-0.42782,0.41337
742,self_occlusion,1,0,34,-0.09318,0.37895
743,nominal,1,0,27,-0.24222,0.44610
744,object_displacement,1,0,15,-0.16947,0.29109
745,self_occlusion,1,0,23,-0.29162,0.50628
746,nominal,0,0,37,0.02750,0.19399
747,combined_stress,1,0,20,0.20568,0.33560
748,distractor_swap,0,0,18,-0.21142,0.49706
749,nominal,1,0,9,0.41595,0.28550
750,object_displacement,0,0,33,-0.22024,0.32890
751,distractor_swap,1,0,31,0.42269,0.46529
752,distractor_swap,1,0,21,-0.32393,0.23841
753,self_occlusion,0,0,2,0.09053,0.34400
754,nominal,1,0,20,-0.20059,0.51817
755,self_occlusion,1,0,29,-0.16008,0.50099
756,distractor_swap,1,0,24,-0.12563,0.40576
757,nominal,1,0,1,0.23094,0.48369
758,self_occlusion,1,0,19,-0.33076,0.43315
759,object_displacement,0,0,28,-0.42800,0.33921
760,combined_stress,1,1,9,-0.17093,0.26199
761,nominal,1,0,0,0.01055,0.20013
762,self_occlusion,1,0,19,0.22342,0.20403
763,object_displacement,1,0,24,0.10275,0.55883
764,combined_stress,0,0,13,0.09597,0.51207
765,combined_stress,1,0,38,0.33348,0.32845
766,distractor_swap,0,0,34,-0.09500,0.44939
767,self_occlusion,1,0,36,0.15535,0.10358
768,combined_stress,1,0,33,0.10166,0.52130
769,combined_stress,0,0,32,0.35046,0.08814
770,nominal,1,0,39,-0.26547,0.23988
771,combined_stress,0,0,12,0.11841,0.12426
772,object_displacement,0,0,2,-0.42408,0.48136
773,distractor_swap,0,0,17,0.26441,0.50111
774,self_occlusion,1,0,15,-0.27522,0.13701
775,self_occlusion,0,0,1,-0.41608,0.52855
776,combined_stress,1,0,16,0.03043,0.29233
777,combined_stress,1,0,6,0.23356,0.09512
778,self_occlusion,0,0,25,0.28611,0.08948
779,nominal,1,0,3,0.10699,0.43025
780,self_occlusion,0,0,26,-0.46182,0.19007
781,self_occlusion,0,0,23,-0.21622,0.28284
782,nominal,1,0,18,0.11248,0.38744
783,distractor_swap,1,0,35,-0.21682,0.26926
784,object_displacement,1,0,29,-0.16417,0.39803
785,object_displacement,1,0,15,0.41168,0.22265
786,self_occlusion,0,0,15,0.12114,0.51766
787,combined_stress,1,0,7,-0.04197,0.12522
788,object_displacement,1,0,10,-0.17790,0.17113
789,distractor_swap,1,0,27,0.28419,0.42186
790,distractor_swap,1,0,24,-0.34462,0.42853
791,self_occlusion,1,0,38,-0.16509,0.49449
792,self_occlusion,1,0,15,0.44495,0.38838
793,combined_stress,1,0,14,0.45459,0.39280
794,self_occlusion,0,0,39,-0.16943,0.21485
795,self_occlusion,1,0,15,-0.14261,0.53938
796,nominal,0,0,20,-0.31603,0.48615
797,self_occlusion,0,0,33,0.20895,0.34799
798,combined_stress,1,0,25,-0.23743,0.36809
799,object_displacement,1,0,24,-0.24993,0.49663
800,nominal,1,0,1,-0.31202,0.25005
801,object_displacement,1,0,39,-0.42652,0.35881
802,nominal,0,0,21,0.25933,0.52205
803,distractor_swap,1,1,29,-0.44002,0.46355
804,combined_stress,1,0,11,-0.34264,0.30080
805,combined_stress,0,0,15,0.00923,0.23826
806,self_occlusion,1,0,31,0.39915,0.32920
807,object_displacement,1,0,14,0.18029,0.52189
808,object_displacement,1,0,31,-0.13115,0.12216
809,distractor_swap,1,1,32,0.18628,0.17322
810,combined_stress,1,0,18,-0.33716,0.30944
811,distractor_swap,1,0,9,0.03246,0.47896
812,object_displacement,1,0,14,0.18593,0.37423
813,nominal,1,0,16,0.12714,0.27499
814,nominal,1,0,28,-0.35314,0.32704
815,self_occlusion,1,0,40,-0.39385,0.43265
816,distractor_swap,0,0,28,-0.17166,0.46266
817,object_displacement,1,0,30,-0.02671,0.33457
818,distractor_swap,1,0,10,-0.17333,0.30106
819,nominal,1,0,14,-0.35680,0.37562
820,nominal,0,0,7,0.15716,0.19365
821,distractor_swap,1,0,30,0.44431,0.18298
822,distractor_swap,1,0,39,-0.00452,0.10744
823,object_displacement,1,1,3,-0.18596,0.28782
824,self_occlusion,1,0,7,-0.29784,0.35922
825,self_occlusion,1,0,32,-0.27204,0.13434
826,distractor_swap,1,0,8,-0.02805,0.51010
827,object_displacement,1,0,2,-0.00214,0.16054
828,self_occlusion,0,0,0,0.44975,0.36189
829,nominal,1,0,25,-0.13064,0.45338
830,combined_stress,1,0,33,0.39951,0.28789
831,distractor_swap,0,0,28,0.11829,0.19222
832,self_occlusion,1,0,10,0.11672,0.18879
833,distractor_swap,0,0,18,0.23891,0.53474
834,combined_stress,0,0,18,-0.15564,0.29525
835,combined_stress,0,0,16,0.28095,0.47596
836,distractor_swap,1,0,13,0.07485,0.12110
837,object_displacement,1,0,1,-0.10537,0.33439
838,nominal,1,0,23,-0.06874,0.38992
839,nominal,0,0,1,0.18297,0.34261
840,nominal,1,0,38,-0.40864,0.51686
841,distractor_swap,1,0,26,0.38304,0.42489
842,object_displacement,0,0,27,-0.42506,0.32299
843,combined_stress,0,0,21,0.04661,0.37023
844,distractor_swap,1,0,2,-0.36747,0.12942
845,nominal,1,0,8,-0.01022,0.51728
846,self_occlusion,0,0,27,-0.00928,0.07635
847,distractor_swap,1,0,21,0.08742,0.22115
848,self_occlusion,1,0,27,0.38160,0.51443
849,nominal,0,0,27,-0.43187,0.32308
850,self_occlusion,0,0,3,-0.34445,0.18635
851,self_occlusion,1,0,2,-0.29616,0.34921
852,distractor_swap,1,0,39,0.14456,0.09186
853,combined_stress,0,0,24,-0.01074,0.21678
854,self_occlusion,1,0,18,0.45849,0.11555
855,nominal,1,0,30,-0.08597,0.41215
856,nominal,1,0,39,0.29770,0.19404
857,object_displacement,1,0,33,-0.03956,0.30673
858,object_displacement,1,0,37,0.43884,0.41895
859,self_occlusion,1,1,32,-0.12689,0.40880
860,combined_stress,1,0,4,-0.13192,0.23198
861,self_occlusion,1,0,10,0.33696,0.32609
862,nominal,1,0,7,-0.19636,0.31700
863,distractor_swap,0,0,23,0.28732,0.37846
864,self_occlusion,1,0,25,-0.38643,0.48662
865,object_displacement,1,1,24,0.02079,0.38102
866,self_occlusion,0,0,37,0.24693,0.30065
867,distractor_swap,0,0,20,-0.27977,0.10065
868,self_occlusion,1,0,3,0.40601,0.15539
869,distractor_swap,0,0,27,-0.13110,0.19048
870,distractor_swap,1,0,9,0.07408,0.51724
871,combined_stress,0,0,12,0.36509,0.48140
872,nominal,1,0,14,0.35678,0.28710
873,nominal,0,0,30,-0.00289,0.44016
874,distractor_swap,0,0,37,-0.05456,0.38861
875,nominal,0,0,29,-0.02814,0.22082
876,object_displacement,1,0,23,0.12909,0.23289
877,nominal,0,0,9,-0.38443,0.40759
878,nominal,1,0,16,0.41103,0.19644
879,distractor_swap,0,0,33,0.37325,0.41548
880,self_occlusion,0,0,8,0.22007,0.11311
881,combined_stress,0,0,41,-0.38679,0.28861
882,combined_stress,1,1,41,-0.34282,0.25032
883,self_occlusion,1,0,31,-0.38446,0.39690
884,object_displacement,1,0,40,0.17389,0.36051
885,object_displacement,1,0,12,0.26596,0.12214
886,nominal,0,0,27,-0.12060,0.08763
887,distractor_swap,1,0,31,-0.46186,0.33672
888,combined_stress,1,1,23,0.36549,0.20140
889,nominal,0,0,36,-0.09911,0.15693
890,combined_stress,1,0,8,-0.28693,0.31323
891,nominal,1,0,26,-0.43524,0.11349
892,self_occlusion,1,0,30,-0.45343,0.48712
893,object_displacement,0,0,20,-0.33983,0.42864
894,self_occlusion,1,0,4,-0.04064,0.22215
895,distractor_swap,1,1,41,0.42156,0.26517
896,combined_stress,1,0,22,0.28211,0.06214
897,combined_stress,0,0,18,0.31311,0.17595
898,distractor_swap,0,0,2,-0.40082,0.35254
899,self_occlusion,0,0,11,0.29396,0.25072
900,object_displacement,0,0,17,-0.43261,0.34527
901,self_occlusion,1,0,6,-0.16958,0.19419
902,distractor_swap,1,1,23,0.17570,0.25552
903,combined_stress,0,0,16,-0.18648,0.30125
904,object_displacement,1,0,28,0.18724,0.34325
905,nominal,1,0,35,-0.33610,0.45531
906,self_occlusion,1,0,8,-0.12668,0.16958
907,combined_stress,0,0,40,0.12920,0.54364
908,combined_stress,1,1,31,-0.09064,0.41510
909,combined_stress,0,0,36,-0.39177,0.19040
910,distractor_swap,1,0,14,-0.36060,0.16700
911,self_occlusion,1,0,3,-0.17266,0.30813
912,self_occlusion,1,0,24,-0.33505,0.36219
913,nominal,0,0,21,-0.31659,0.24902
914,self_occlusion,1,0,29,-0.02502,0.45990
915,self_occlusion,1,0,23,-0.46683,0.33472
916,self_occlusion,1,0,11,0.19186,0.39693
917,combined_stress,0,0,31,-0.19155,0.29289
918,object_displacement,1,0,5,-0.04092,0.23111
919,nominal,1,0,14,0.27547,0.53188
920,object_displacement,1,0,4,0.29158,0.30561
921,combined_stress,1,0,7,0.30913,0.39727
922,object_displacement,1,0,18,0.05422,0.14045
923,object_displacement,0,0,1,0.30692,0.36246
924,nominal,1,0,34,0.14943,0.33261
925,object_displacement,1,0,12,0.02752,0.50330
926,self_occlusion,0,0,0,-0.10673,0.10687
927,object_displacement,1,0,3,0.19642,0.30745
928,self_occlusion,1,0,6,0.28142,0.23616
929,nominal,1,0,20,-0.40504,0.34857
930,nominal,1,0,19,0.26284,0.44086
931,object_displacement,1,0,28,0.39321,0.28628
932,combined_stress,1,1,8,-0.25869,0.40787
933,nominal,1,0,28,-0.24676,0.52726
934,distractor_swap,0,0,13,-0.04551,0.34357
935,self_occlusion,1,0,35,0.16722,0.36764
936,combined_stress,0,0,17,-0.14632,0.49035
937,object_displacement,0,0,18,0.50591,0.29087
938,distractor_swap,1,0,10,0.24322,0.35807
939,object_displacement,1,0,29,0.38099,0.37432
940,distractor_swap,0,0,32,0.11474,0.31144
941,self_occlusion,1,0,11,-0.41380,0.33000
942,distractor_swap,1,1,6,0.01811,0.39764
943,object_displacement,1,0,6,0.11101,0.38420
944,nominal,0,0,11,0.39786,0.35266
945,combined_stress,0,0,4,0.08541,0.36708
946,object_displacement,1,0,10,0.18185,0.48760
947,distractor_swap,1,0,5,0.08931,0.20937
948,distractor_swap,0,0,13,0.02074,0.15043
949,self_occlusion,0,0,14,0.05268,0.30529
950,self_occlusion,1,0,32,-0.32864,0.23588
951,self_occlusion,0,0,21,0.39133,0.39032
952,nominal,1,0,15,-0.14086,0.49516
953,combined_stress,1,0,19,0.26099,0.25893
954,object_displacement,1,0,7,-0.44306,0.27025
955,self_occlusion,1,0,9,-0.37765,0.35371
956,combined_stress,1,0,19,0.29937,0.05477
957,object_displacement,1,0,38,0.06825,0.10145
958,nominal,1,0,40,-0.19492,0.35859
959,self_occlusion,1,0,37,0.31789,0.34467
960,object_displacement,0,0,11,0.38310,0.34487
961,self_occlusion,0,0,27,-0.30088,0.19067
962,self_occlusion,1,0,22,-0.30853,0.30551
963,nominal,1,0,7,-0.31048,0.11940
964,distractor_swap,1,0,22,0.20287,0.35342
965,combined_stress,1,1,41,0.09782,0.26964
966,nominal,1,0,17,-0.03000,0.38251
967,combined_stress,1,1,33,0.31660,0.27793
968,combined_stress,1,1,31,-0.21285,0.35117
969,self_occlusion,0,0,41,0.05473,0.14072
970,self_occlusion,1,0,10,0.30804,0.43951
971,self_occlusion,1,1,32,0.27116,0.31228
972,combined_stress,1,1,35,-0.36648,0.22372
973,object_displacement,0,0,27,0.20894,0.40316
974,self_occlusion,1,0,28,0.22282,0.49819
975,distractor_swap,1,1,1,-0.07398,0.34185
976,distractor_swap,1,0,10,-0.35768,0.43789
977,object_displacement,1,0,25,-0.22165,0.20943
978,self_occlusion,0,0,20,-0.41603,0.23719
979,self_occlusion,1,0,14,-0.28410,0.11478
980,nominal,1,0,25,0.11060,0.23392
981,distractor_swap,0,0,27,0.09861,0.41890
982,self_occlusion,1,0,29,0.06590,0.34362
983,nominal,1,0,4,0.13286,0.09175
984,nominal,1,0,30,-0.02667,0.22857
985,object_displacement,1,0,40,0.06200,0.29675
986,combined_stress,1,0,3,0.35913,0.39549
987,combined_stress,1,0,5,-0.43420,0.53773
988,object_displacement,0,0,40,0.23758,0.20312
989,distractor_swap,0,0,2,0.20798,0.20562
990,nominal,1,0,4,-0.44089,0.18658
991,distractor_swap,1,1,28,0.30029,0.20058
992,self_occlusion,1,0,31,0.39506,0.28196
993,object_displacement,1,0,8,-0.06803,0.16683
994,object_displacement,1,0,16,0.33975,0.45448
995,nominal,0,0,37,-0.23980,0.49111
996,distractor_swap,1,0,41,-0.45973,0.43400
997,self_occlusion,1,0,9,0.00092,0.23750
998,object_displacement,1,1,4,-0.01153,0.43249
999,nominal,0,0,23,-0.31411,0.53006
1000,object_displacement,0,0,20,0.18843,0.41454
1001,object_displacement,1,1,26,-0.37698,0.27006
1002,self_occlusion,1,0,27,-0.11869,0.18356
1003,nominal,1,1,11,-0.25663,0.50500
1004,nominal,1,0,23,0.17258,0.42994
1005,combined_stress,1,0,15,-0.33620,0.40062
1006,object_displacement,1,1,14,-0.44485,0.18360
1007,self_occlusion,1,0,3,-0.45485,0.42975
1008,nominal,1,0,2,0.25692,0.15758
1009,nominal,0,0,3,-0.18203,0.22898
1010,combined_stress,1,0,25,0.31999,0.26241
1011,object_displacement,1,0,18,-0.24257,0.12649
1012,distractor_swap,0,0,28,-0.06116,0.39025
1013,distractor_swap,0,0,6,-0.36223,0.38370
1014,nominal,0,0,37,-0.27543,0.37573
1015,nominal,1,0,24,-0.20277,0.23025
1016,object_displacement,1,0,38,-0.08611,0.28736
1017,combined_stress,0,0,39,-0.35024,0.39839
1018,self_occlusion,0,0,39,-0.16617,0.09345
1019,self_occlusion,0,0,1,-0.41791,0.42888
1020,self_occlusion,1,0,25,0.35178,0.50751
1021,distractor_swap,1,0,6,-0.23619,0.37556
1022,distractor_swap,1,0,37,0.15796,0.27933
1023,distractor_swap,1,1,4,-0.15149,0.42973
1024,distractor_swap,0,0,34,0.39322,0.13753
1025,self_occlusion,1,0,17,-0.37383,0.21693
1026,object_displacement,1,0,31,0.34455,0.26486
1027,combined_stress,1,0,9,-0.01153,0.48222
1028,distractor_swap,0,0,3,-0.39962,0.32671
1029,distractor_swap,1,0,23,-0.32966,0.40341
1030,object_displacement,1,1,28,0.34296,0.49294
1031,object_displacement,0,0,12,0.14064,0.47934
1032,combined_stress,0,0,3,-0.13219,0.13623
1033,combined_stress,0,0,28,0.23610,0.09970
1034,self_occlusion,0,0,2,0.04850,0.10468
1035,nominal,1,0,23,0.02911,0.53242
1036,object_displacement,1,0,35,0.32227,0.46748
1037,distractor_swap,1,1,41,-0.27286,0.12550
1038,object_displacement,0,0,8,0.06924,0.30824
1039,distractor_swap,1,0,34,0.38259,0.10770
1040,distractor_swap,0,0,3,-0.37865,0.09287
1041,combined_stress,1,1,9,-0.17550,0.40442
1042,object_displacement,0,0,2,0.05205,0.48425
1043,self_occlusion,1,0,23,-0.47089,0.48615
1044,object_displacement,1,0,18,-0.17053,0.32102
1045,distractor_swap,0,0,26,0.13447,0.35823
1046,self_occlusion,0,0,10,0.04630,0.18217
1047,object_displacement,1,1,38,-0.45561,0.47632
1048,nominal,1,0,17,0.35944,0.15560
1049,distractor_swap,0,0,39,0.15533,0.52297
1050,combined_stress,1,0,6,-0.27166,0.38869
1051,object_displacement,1,0,30,-0.22731,0.44294
1052,nominal,1,0,7,-0.18384,0.45081
1053,object_displacement,0,0,15,0.22027,0.21689
1054,distractor_swap,1,0,19,-0.20217,0.22009
1055,nominal,1,0,19,-0.18948,0.36228
1056,self_occlusion,1,0,24,-0.37883,0.30605
1057,distractor_swap,0,0,15,-0.36363,0.28714
1058,object_displacement,1,1,22,-0.44060,0.27078
1059,nominal,1,0,31,0.34438,0.12739
1060,combined_stress,0,0,22,0.21276,0.44613
1061,object_displacement,1,1,25,0.13450,0.13253
1062,distractor_swap,1,0,41,-0.20250,0.12669
1063,distractor_swap,1,0,41,-0.07200,0.50030
1064,object_displacement,1,0,12,0.09609,0.33493
1065,distractor_swap,1,1,6,-0.01897,0.13876
1066,self_occlusion,1,0,16,0.02343,0.48022
1067,distractor_swap,0,0,29,-0.24796,0.22865
1068,self_occlusion,1,0,28,0.04252,0.20057
1069,self_occlusion,1,0,34,-0.37744,0.37903
1070,self_occlusion,1,0,24,0.32165,0.18001
1071,nominal,1,0,40,-0.00843,0.45237
1072,distractor_swap,1,1,20,-0.18986,0.40050
1073,self_occlusion,0,0,30,-0.10872,0.28137
1074,self_occlusion,1,0,30,-0.32802,0.38643
1075,nominal,1,0,36,0.32247,0.10785
1076,combined_stress,1,1,13,0.21459,0.13082
1077,object_displacement,0,0,25,-0.08212,0.17449
1078,self_occlusion,1,0,24,-0.27694,0.07235
1079,distractor_swap,1,0,9,0.30514,0.45603
1080,combined_stress,1,0,21,-0.07788,0.36429
1081,self_occlusion,1,0,6,0.33163,0.36444
1082,nominal,1,0,32,-0.20009,0.30482
1083,distractor_swap,1,0,29,0.05083,0.34638
1084,distractor_swap,0,0,20,0.12516,0.36630
1085,distractor_swap,0,0,12,0.45370,0.38861
1086,combined_stress,1,1,12,-0.20032,0.38815
1087,combined_stress,1,0,9,0.36787,0.36041
1088,combined_stress,1,0,35,0.31927,0.56109
1089,self_occlusion,1,0,12,-0.30846,0.39697
1090,distractor_swap,1,0,11,0.30699,0.19377
1091,distractor_swap,1,1,3,-0.05962,0.30064
1092,combined_stress,1,0,11,-0.08033,0.11444
1093,self_occlusion,1,0,28,0.09074,0.11747
1094,combined_stress,1,0,35,0.02442,0.50373
1095,self_occlusion,1,0,41,-0.14494,0.31641
1096,combined_stress,0,0,36,0.32538,0.53362
1097,distractor_swap,0,0,5,-0.08592,0.52801
1098,object_displacement,0,0,11,0.20107,0.46846
1099,object_displacement,1,1,8,-0.18609,0.34284
1100,object_displacement,1,0,8,-0.28509,0.47393
1101,combined_stress,1,0,29,0.09913,0.22120
1102,distractor_swap,0,0,40,0.09298,0.10158
1103,nominal,1,0,36,-0.43298,0.30090
1104,nominal,0,0,0,0.29036,0.42489
1105,nominal,1,0,33,0.38300,0.08678
1106,nominal,0,0,0,-0.03633,0.38043
1107,nominal,1,0,15,-0.42875,0.19814
1108,nominal,0,0,10,-0.34310,0.47804
1109,self_occlusion,1,0,37,0.16847,0.49946
1110,object_displacement,1,0,2,0.30879,0.51628
1111,combined_stress,1,0,3,-0.46368,0.44668
1112,distractor_swap,0,0,26,-0.37369,0.42109
1113,combined_stress,1,1,16,-0.29042,0.44176
1114,distractor_swap,1,0,4,-0.16907,0.36936
1115,distractor_swap,0,0,19,-0.19923,0.26257
1116,self_occlusion,0,0,17,-0.09143,0.21933
1117,object_displacement,1,0,22,-0.36228,0.47201
1118,nominal,1,0,14,0.00234,0.45956
1119,nominal,1,0,27,0.42106,0.21617
1120,distractor_swap,1,0,21,0.35864,0.30028
1121,nominal,1,0,6,-0.08802,0.34259
1122,combined_stress,0,0,33,-0.05791,0.43825
1123,combined_stress,0,0,5,-0.26424,0.49050
1124,object_displacement,1,0,32,-0.13603,0.37216
1125,object_displacement,1,0,28,0.03658,0.35764
1126,self_occlusion,1,0,33,-0.00860,0.51835
1127,distractor_swap,1,0,32,-0.10109,0.20078
1128,distractor_swap,0,0,7,-0.09858,0.15651
1129,self_occlusion,0,0,23,-0.04175,0.33627
1130,self_occlusion,1,0,26,-0.04023,0.24847
1131,distractor_swap,1,0,39,0.40597,0.25795
1132,self_occlusion,1,0,2,-0.03489,0.14420
1133,distractor_swap,1,1,6,-0.16390,0.15311
1134,nominal,1,0,5,-0.37474,0.46443
1135,distractor_swap,1,0,25,-0.32655,0.39763
1136,object_displacement,0,0,19,0.02220,0.11554
1137,self_occlusion,0,0,24,-0.02614,0.52346
1138,distractor_swap,1,1,37,0.23203,0.37185
1139,nominal,1,0,27,-0.36521,0.54018
1140,nominal,1,0,29,0.26383,0.09463
1141,combined_stress,0,0,11,0.29526,0.17699
1142,object_displacement,1,0,8,-0.04515,0.15134
1143,combined_stress,1,1,38,-0.25059,0.38162
1144,distractor_swap,0,0,9,0.35827,0.32856
1145,self_occlusion,0,0,3,0.01363,0.30178
1146,object_displacement,1,0,36,0.34898,0.23211
1147,nominal,0,0,21,-0.23673,0.08732
1148,distractor_swap,1,0,14,0.13639,0.41315
1149,distractor_swap,1,0,19,-0.09411,0.41313
1150,object_displacement,0,0,40,-0.30382,0.46286
1151,combined_stress,0,0,34,-0.45060,0.36939
1152,nominal,0,0,32,0.00251,0.24794
1153,combined_stress,0,0,41,0.38115,0.24165
1154,nominal,1,0,26,-0.34234,0.40028
1155,self_occlusion,1,0,18,0.25225,0.42513
1156,distractor_swap,0,0,26,0.21374,0.22950
1157,combined_stress,0,0,5,0.16400,0.46720
1158,nominal,1,0,34,0.18185,0.23066
1159,object_displacement,1,0,4,0.40513,0.08363
1160,nominal,0,0,9,-0.27665,0.39991
1161,nominal,1,0,19,0.12470,0.35456
1162,object_displacement,0,0,9,0.35022,0.28198
1163,nominal,1,0,10,-0.13617,0.48008
1164,object_displacement,1,0,15,-0.26636,0.26745
1165,nominal,0,0,35,-0.01413,0.09178
1166,nominal,0,0,23,-0.11088,0.24687
1167,distractor_swap,0,0,26,-0.29478,0.30223
1168,nominal,1,0,32,-0.22498,0.22589
1169,combined_stress,0,0,2,-0.16543,0.52719
1170,distractor_swap,1,0,13,-0.14678,0.35443
1171,self_occlusion,0,0,30,0.34872,0.26684
1172,distractor_swap,0,0,9,0.35355,0.18572
1173,self_occlusion,0,0,40,0.13104,0.16741
1174,self_occlusion,1,0,38,-0.09795,0.34929
1175,combined_stress,1,0,34,0.38885,0.25976
1176,object_displacement,1,0,2,-0.20395,0.17294
1177,object_displacement,0,0,21,-0.19786,0.37838
1178,self_occlusion,0,0,22,0.39436,0.47468
1179,distractor_swap,0,0,25,-0.42127,0.45282
1180,self_occlusion,0,0,23,0.08151,0.10289
1181,combined_stress,1,0,30,0.03561,0.45082
1182,nominal,1,0,12,0.07960,0.35810
1183,combined_stress,1,0,10,-0.26401,0.12308
1184,distractor_swap,0,0,2,0.43227,0.49413
1185,self_occlusion,1,0,30,0.12099,0.25755
1186,self_occlusion,1,0,35,0.35123,0.14986
1187,nominal,1,0,41,-0.21701,0.18014
1188,object_displacement,1,0,30,0.09133,0.22099
1189,combined_stress,0,0,29,-0.11469,0.30642
1190,combined_stress,1,1,33,-0.20304,0.55311
1191,combined_stress,0,0,23,0.42948,0.58231
1192,nominal,0,0,18,-0.13952,0.20479
1193,nominal,0,0,4,-0.14454,0.38442
1194,nominal,1,0,24,0.10565,0.33815
1195,object_displacement,1,1,2,-0.40591,0.17334
1196,nominal,1,0,3,0.05571,0.11482
1197,self_occlusion,0,0,38,-0.09310,0.42061
1198,distractor_swap,1,0,25,0.44019,0.25542
1199,distractor_swap,0,0,41,0.27958,0.39618
1200,distractor_swap,1,0,10,0.32947,0.18668
1201,distractor_swap,0,0,41,0.00244,0.18439
1202,combined_stress,1,1,4,0.17221,0.37562
1203,combined_stress,1,1,15,0.35324,0.20430
1204,self_occlusion,1,0,5,-0.13533,0.11439
1205,distractor_swap,1,0,16,0.06195,0.42061
1206,nominal,1,0,17,0.38354,0.34090
1207,self_occlusion,1,0,21,0.20846,0.30800
1208,distractor_swap,1,0,23,0.30373,0.11133
1209,distractor_swap,1,0,37,-0.26405,0.14051
1210,combined_stress,0,0,27,-0.09336,0.53462
1211,self_occlusion,1,0,17,-0.00891,0.37530
1212,distractor_swap,1,0,5,0.41180,0.26611
1213,nominal,1,0,23,-0.24402,0.42743
1214,distractor_swap,0,0,4,0.32470,0.31573
1215,object_displacement,1,0,14,0.15307,0.26074
1216,distractor_swap,0,0,26,-0.15153,0.15998
1217,nominal,1,0,35,0.26330,0.27029
1218,object_displacement,0,0,32,0.28981,0.32698
1219,combined_stress,1,0,5,0.38880,0.12544
1220,combined_stress,1,0,16,0.41376,0.06611
1221,self_occlusion,0,0,21,-0.01512,0.38424
1222,distractor_swap,0,0,16,0.21749,0.19302
1223,self_occlusion,1,0,10,0.17689,0.26012
1224,nominal,0,0,2,0.32016,0.23812
1225,nominal,1,0,21,0.36434,0.49616
1226,distractor_swap,1,0,27,-0.18799,0.31054
1227,combined_stress,1,1,29,-0.18418,0.27716
1228,nominal,0,0,40,-0.06440,0.49122
1229,self_occlusion,1,0,17,0.15108,0.34793
1230,combined_stress,0,0,35,0.08809,0.46809
1231,object_displacement,1,1,8,-0.04293,0.42578
1232,distractor_swap,1,0,11,-0.08029,0.34570
1233,combined_stress,0,0,31,-0.07001,0.21621
1234,nominal,0,0,20,-0.00148,0.40854
1235,combined_stress,0,0,19,0.18110,0.41708
1236,object_displacement,1,0,6,-0.03282,0.08499
1237,distractor_swap,1,0,27,0.11018,0.52933
1238,combined_stress,0,0,25,0.43488,0.50421
1239,combined_stress,1,0,18,0.42641,0.12255
1240,distractor_swap,0,0,17,0.35284,0.15557
1241,distractor_swap,1,1,22,0.06828,0.48317
1242,object_displacement,1,0,0,0.42967,0.31429
1243,object_displacement,1,0,35,0.26204,0.51694
1244,self_occlusion,1,0,14,-0.09381,0.32250
1245,self_occlusion,0,0,31,0.04991,0.09095
1246,self_occlusion,0,0,8,-0.06413,0.25041
1247,nominal,1,1,36,-0.27512,0.24447
1248,nominal,1,0,22,0.40737,0.25427
1249,distractor_swap,0,0,32,-0.00531,0.14641
1250,combined_stress,1,0,27,0.25508,0.23795
1251,distractor_swap,1,0,27,0.33368,0.29860
1252,object_displacement,1,0,26,0.04540,0.23670
1253,distractor_swap,0,0,36,-0.31663,0.14758
1254,nominal,0,0,33,0.00153,0.12943
1255,combined_stress,1,0,9,0.08782,0.10542
1256,combined_stress,0,0,13,0.00054,0.08088
1257,combined_stress,1,0,22,-0.00163,0.03092
1258,self_occlusion,1,0,15,0.28218,0.32863
1259,combined_stress,1,1,30,0.22472,0.49568
1260,nominal,1,0,12,0.28196,0.15659
1261,self_occlusion,0,0,22,0.06050,0.32878
1262,distractor_swap,1,0,29,0.37071,0.10464
1263,nominal,0,0,33,0.35416,0.52247
1264,self_occlusion,0,0,33,-0.09467,0.19543
1265,object_displacement,0,0,0,0.40469,0.37558
1266,object_displacement,0,0,23,0.39266,0.17175
1267,combined_stress,1,1,7,-0.11270,0.24667
1268,object_displacement,1,0,9,-0.32710,0.40149
1269,nominal,1,0,30,0.18516,0.25564
1270,distractor_swap,1,1,38,-0.06376,0.12700
1271,distractor_swap,1,0,19,0.23325,0.14611
1272,nominal,1,0,2,0.36541,0.28490
1273,combined_stress,1,1,13,0.09473,0.34512
1274,nominal,1,0,41,0.28550,0.27988
1275,object_displacement,0,0,30,0.01808,0.45003
1276,object_displacement,1,1,22,0.16271,0.47876
1277,combined_stress,1,0,37,0.35195,0.35713
1278,combined_stress,0,0,40,-0.20243,0.46219
1279,nominal,0,0,2,-0.31590,0.26496
1280,combined_stress,1,0,36,0.21668,0.44977
1281,combined_stress,1,0,10,0.22778,0.36873
1282,object_displacement,1,0,10,0.14535,0.47424
1283,distractor_swap,1,0,21,-0.45672,0.23076
1284,nominal,0,0,17,-0.30087,0.12811
1285,object_displacement,1,0,31,0.21408,0.43615
1286,object_displacement,0,0,13,-0.02718,0.17190
1287,object_displacement,1,0,20,-0.46032,0.30906
1288,nominal,1,0,31,0.09243,0.39304
1289,combined_stress,0,0,24,0.45181,0.06275
1290,nominal,0,0,12,0.38771,0.16058
1291,combined_stress,0,0,25,-0.23225,0.10489
1292,combined_stress,1,1,36,0.01433,0.22326
1293,nominal,1,0,18,0.27114,0.30052
1294,object_displacement,1,0,36,-0.21012,0.18285
1295,object_displacement,1,0,6,0.10278,0.19691
1296,self_occlusion,0,0,36,0.08601,0.32153
1297,nominal,0,0,38,0.08783,0.15377
1298,nominal,1,0,3,-0.09744,0.36610
1299,combined_stress,1,1,34,-0.09304,0.11111
1300,object_displacement,0,0,10,0.07127,0.40637
1301,distractor_swap,0,0,40,-0.19895,0.25122
1302,object_displacement,1,0,11,0.24511,0.35188
1303,distractor_swap,0,0,15,-0.43117,0.12331
1304,nominal,1,0,3,-0.07582,0.25920
1305,nominal,1,0,22,0.33627,0.13918
1306,nominal,1,0,29,0.20855,0.11802
1307,object_displacement,1,1,1,-0.20832,0.12736
1308,combined_stress,0,0,5,-0.15556,0.19170
1309,combined_stress,0,0,15,-0.23756,0.22316
1310,nominal,0,0,37,0.02954,0.46705
1311,self_occlusion,0,0,38,0.43854,0.43370
1312,distractor_swap,1,0,14,0.25710,0.26137
1313,object_displacement,1,0,34,0.13352,0.29045
1314,object_displacement,1,0,22,-0.09621,0.24294
1315,self_occlusion,0,0,20,0.02337,0.31460
1316,combined_stress,1,0,33,-0.13681,0.25348
1317,nominal,1,0,15,0.26997,0.24035
1318,distractor_swap,1,0,1,-0.15545,0.49006
1319,object_displacement,1,1,1,-0.04029,0.30215
1320,combined_stress,0,0,37,0.28344,0.54616
1321,self_occlusion,0,0,13,-0.39330,0.21417
1322,distractor_swap,1,0,5,-0.11931,0.32323
1323,nominal,1,0,6,0.25051,0.08156
1324,self_occlusion,0,0,8,0.21975,0.27128
1325,nominal,1,0,32,0.18794,0.47918
1326,distractor_swap,0,0,38,0.06325,0.36127
1327,object_displacement,0,0,9,0.02926,0.27917
1328,distractor_swap,0,0,8,-0.02766,0.35037
1329,object_displacement,0,0,41,-0.25492,0.24350
1330,self_occlusion,0,0,12,-0.40528,0.18909
1331,distractor_swap,0,0,35,0.29479,0.38567
1332,distractor_swap,0,0,31,-0.28998,0.53436
1333,object_displacement,1,0,20,-0.23735,0.23241
1334,object_displacement,1,0,17,0.18255,0.55466
1335,self_occlusion,1,0,5,0.08766,0.42522
1336,object_displacement,1,0,39,-0.13326,0.25496
1337,object_displacement,1,1,26,-0.37752,0.27696
1338,nominal,0,0,14,0.13933,0.41979
1339,nominal,0,0,7,-0.43071,0.30464
1340,distractor_swap,0,0,39,-0.34470,0.46653
1341,nominal,1,0,9,-0.23921,0.33756
1342,self_occlusion,1,0,7,-0.15856,0.16495
1343,object_displacement,0,0,31,-0.23083,0.12178
1344,distractor_swap,0,0,26,-0.19154,0.14511
1345,combined_stress,1,0,2,-0.35278,0.40863
1346,nominal,0,0,1,-0.40327,0.19668
1347,object_displacement,0,0,10,0.30624,0.13795
1348,distractor_swap,0,0,11,-0.14151,0.30201
1349,self_occlusion,0,0,10,-0.06467,0.14218
1350,distractor_swap,1,0,20,-0.01977,0.52523
1351,combined_stress,0,0,10,0.08841,0.22741
1352,combined_stress,1,0,16,0.31693,0.24692
1353,object_displacement,0,0,35,0.21967,0.29192
1354,distractor_swap,1,0,19,0.22838,0.23819
1355,self_occlusion,1,0,8,-0.29152,0.40027
1356,distractor_swap,0,0,11,0.28030,0.39451
1357,distractor_swap,0,0,13,0.12646,0.49928
1358,object_displacement,0,0,0,-0.34594,0.10218
1359,object_displacement,1,0,35,0.18719,0.27146
1360,self_occlusion,1,0,14,-0.27079,0.55347
1361,object_displacement,1,0,33,0.05563,0.30839
1362,self_occlusion,1,0,32,0.00956,0.30871
1363,combined_stress,0,0,28,-0.12639,0.42294
1364,combined_stress,1,0,26,0.12057,0.20577
1365,combined_stress,1,1,33,0.01084,0.15274
1366,nominal,1,1,33,-0.22498,0.08650
1367,object_displacement,1,0,10,0.00280,0.30421
1368,object_displacement,1,1,40,-0.36408,0.35735
1369,nominal,0,0,2,-0.29904,0.10234
1370,nominal,1,0,6,0.22888,0.28537
1371,nominal,1,0,3,-0.23377,0.43808
1372,object_displacement,1,0,1,-0.24606,0.28010
1373,object_displacement,1,0,13,-0.12975,0.47154
1374,combined_stress,0,0,2,-0.31003,0.17483
1375,nominal,0,0,13,0.31403,0.51413
1376,distractor_swap,1,0,15,-0.34755,0.44968
1377,combined_stress,1,1,13,-0.11404,0.47885
1378,self_occlusion,1,0,18,0.17301,0.46702
1379,distractor_swap,1,1,17,0.38913,0.34603
1380,self_occlusion,1,0,27,-0.37240,0.10784
1381,object_displacement,1,0,10,0.41458,0.43672
1382,object_displacement,0,0,17,0.15229,0.51268
1383,nominal,0,0,30,-0.42449,0.36606
1384,nominal,1,0,33,-0.27002,0.21097
1385,nominal,1,0,0,0.43642,0.42037
1386,combined_stress,0,0,4,-0.36415,0.51238
1387,combined_stress,1,0,38,0.37858,0.16314
1388,self_occlusion,1,0,6,-0.39912,0.31450
1389,self_occlusion,1,0,32,-0.46827,0.32679
1390,combined_stress,1,0,12,0.03312,0.34599
1391,object_displacement,0,0,41,-0.23680,0.35057
1392,object_displacement,1,1,2,-0.21715,0.33136
1393,distractor_swap,0,0,30,0.28696,0.54443
1394,distractor_swap,0,0,0,-0.26843,0.47812
1395,nominal,0,0,27,0.12254,0.40808
1396,object_displacement,0,0,22,-0.04985,0.14763
1397,self_occlusion,1,0,35,-0.02223,0.16791
1398,nominal,1,0,21,-0.03190,0.13209
1399,self_occlusion,1,0,4,-0.21336,0.51327
1400,distractor_swap,1,0,23,0.17860,0.31519
1401,distractor_swap,0,0,41,-0.16800,0.30597
1402,combined_stress,0,0,32,0.36245,0.46080
1403,distractor_swap,1,0,40,-0.29051,0.36396
1404,object_displacement,0,0,19,-0.39637,0.41934
1405,distractor_swap,0,0,24,-0.35153,0.35831
1406,combined_stress,0,0,22,0.22013,0.31825
1407,distractor_swap,1,0,40,-0.42037,0.37126
1408,object_displacement,0,0,11,-0.48665,0.25048
1409,combined_stress,1,1,16,0.21468,0.19345
1410,distractor_swap,0,0,7,-0.36133,0.09395
1411,nominal,0,0,17,0.09996,0.24169
1412,distractor_swap,1,1,34,-0.11697,0.47985
1413,self_occlusion,0,0,35,0.09385,0.12542
1414,object_displacement,0,0,34,-0.12561,0.24778
1415,nominal,1,0,32,0.42138,0.37997
1416,combined_stress,1,1,13,0.43872,0.18988
1417,distractor_swap,1,1,2,0.25017,0.50027
1418,self_occlusion,0,0,16,0.06848,0.24327
1419,distractor_swap,1,0,37,-0.39088,0.49534
1420,nominal,1,0,15,-0.38847,0.51931
1421,self_occlusion,0,0,32,-0.01654,0.16327
1422,nominal,1,0,12,0.29777,0.44226
1423,object_displacement,1,0,1,-0.05201,0.23172
1424,distractor_swap,0,0,10,-0.26398,0.17194
1425,nominal,1,0,13,0.08340,0.19433
1426,distractor_swap,1,0,14,0.00627,0.46942
1427,self_occlusion,0,0,4,0.38234,0.47889
1428,nominal,1,0,6,-0.02074,0.49379
1429,object_displacement,1,0,21,0.10733,0.36092
1430,self_occlusion,1,0,29,-0.00797,0.29821
1431,distractor_swap,0,0,17,0.21726,0.24082
1432,nominal,1,0,1,0.11245,0.38679
1433,object_displacement,1,0,27,-0.15665,0.56163
1434,combined_stress,0,0,14,-0.10901,0.15181
1435,object_displacement,1,1,5,-0.01645,0.22395
1436,combined_stress,1,1,22,-0.17405,0.25021
1437,nominal,0,0,13,-0.08800,0.25916
1438,self_occlusion,0,0,39,0.43932,0.28603
1439,object_displacement,1,0,9,0.11515,0.46807
1440,object_displacement,1,0,13,-0.23074,0.42720
1441,distractor_swap,1,1,0,0.34106,0.41773
1442,nominal,0,0,36,-0.10073,0.19077
1443,distractor_swap,0,0,38,-0.20820,0.42065
1444,nominal,1,0,29,0.13253,0.08621
1445,object_displacement,0,0,39,-0.25684,0.32893
1446,nominal,1,0,12,0.03027,0.45903
1447,distractor_swap,0,0,13,-0.37243,0.23551
1448,nominal,0,0,10,-0.04206,0.20368
1449,nominal,1,0,26,-0.23016,0.24356
1450,object_displacement,1,0,30,0.33573,0.10968
1451,self_occlusion,0,0,29,0.14239,0.21753
1452,distractor_swap,0,0,15,0.10141,0.44718
1453,nominal,1,0,8,-0.08212,0.49121
1454,object_displacement,1,0,27,0.20120,0.08354
1455,object_displacement,0,0,8,-0.40427,0.22681
1456,nominal,1,0,4,0.06771,0.19214
1457,distractor_swap,1,0,16,-0.13100,0.31062
1458,distractor_swap,0,0,14,0.31609,0.36191
1459,distractor_swap,0,0,20,-0.00425,0.44164
1460,nominal,1,0,28,0.17543,0.09210
1461,combined_stress,1,0,26,0.11466,0.14163
1462,distractor_swap,0,0,39,-0.09806,0.50179
1463,distractor_swap,0,0,31,0.38565,0.31314
1464,distractor_swap,0,0,4,-0.45090,0.21037
1465,object_displacement,0,0,15,0.26020,0.46294
1466,combined_stress,1,0,13,0.20646,0.25796
1467,self_occlusion,1,0,3,0.18156,0.38141
1468,object_displacement,1,0,16,-0.18174,0.15113
1469,nominal,0,0,27,0.19826,0.25979
1470,self_occlusion,0,0,1,0.09528,0.26450
1471,distractor_swap,1,0,2,0.22479,0.40613
1472,distractor_swap,0,0,9,-0.18050,0.48447
1473,nominal,1,0,22,0.10269,0.26739
1474,combined_stress,1,1,4,0.27147,0.41806
1475,self_occlusion,1,0,27,-0.25414,0.40024
1476,distractor_swap,0,0,10,0.12755,0.35047
1477,nominal,0,0,27,0.09622,0.44143
1478,combined_stress,0,0,3,0.40587,0.53083
1479,self_occlusion,1,0,16,0.00834,0.30726
1480,distractor_swap,0,0,17,0.21198,0.38760
1481,self_occlusion,1,1,24,-0.27552,0.38683
1482,nominal,0,0,0,0.20211,0.14029
1483,nominal,1,0,39,-0.45805,0.11786
1484,distractor_swap,1,1,21,0.29762,0.13970
1485,self_occlusion,0,0,20,0.02403,0.20239
1486,combined_stress,1,0,8,-0.06635,0.31864
1487,distractor_swap,1,0,1,0.04474,0.49668
1488,object_displacement,1,0,0,-0.43734,0.13372
1489,distractor_swap,0,0,3,0.30716,0.39385
1490,object_displacement,1,0,12,-0.29302,0.40768
1491,nominal,0,0,32,-0.33026,0.53166
1492,self_occlusion,1,0,23,-0.13769,0.21736
1493,object_displacement,1,0,15,0.07195,0.25819
1494,object_displacement,1,0,40,0.33816,0.35007
1495,nominal,1,0,1,0.19458,0.13973
1496,object_displacement,1,0,29,-0.14265,0.16353
1497,combined_stress,1,0,22,-0.17511,0.26173
1498,nominal,1,0,6,0.06912,0.10812
1499,self_occlusion,1,0,37,-0.42625,0.19406
1500,object_displacement,1,0,23,0.23884,0.05090
1501,nominal,1,0,0,0.04828,0.39603
1502,combined_stress,1,0,1,0.12961,0.17704
1503,self_occlusion,0,0,18,0.37606,0.42119
1504,distractor_swap,1,0,4,-0.30135,0.20778
1505,combined_stress,0,0,11,-0.31172,0.45699
1506,self_occlusion,1,0,22,-0.03551,0.29889
1507,distractor_swap,1,0,33,-0.15625,0.24057
1508,combined_stress,1,0,23,-0.32925,0.32791
1509,self_occlusion,1,0,2,0.24630,0.26427
1510,self_occlusion,1,0,39,-0.23898,0.49972
1511,self_occlusion,0,0,28,0.18750,0.33378
1512,object_displacement,1,1,5,-0.20249,0.47000
1513,self_occlusion,1,0,12,-0.04886,0.19316
1514,object_displacement,0,0,7,0.06119,0.36224
1515,distractor_swap,0,0,5,-0.12225,0.15107
1516,nominal,1,0,20,-0.31349,0.15140
1517,object_displacement,1,0,13,0.30362,0.35852
1518,self_occlusion,0,0,3,0.16103,0.19392
1519,object_displacement,0,0,20,-0.30301,0.06461
1520,distractor_swap,1,0,19,0.03913,0.16158
1521,self_occlusion,0,0,25,-0.30363,0.53114
1522,combined_stress,1,1,31,-0.30128,0.14136
1523,nominal,0,0,31,0.02503,0.50320
1524,combined_stress,0,0,32,-0.21210,0.46136
1525,distractor_swap,1,1,30,-0.10720,0.24680
1526,object_displacement,1,0,36,0.03805,0.46578
1527,nominal,0,0,11,-0.42578,0.52141
1528,object_displacement,1,0,26,-0.36740,0.30377
1529,nominal,1,0,17,0.13943,0.42089
1530,distractor_swap,1,1,41,-0.18038,0.38952
1531,distractor_swap,1,0,9,0.44248,0.41559
1532,distractor_swap,1,1,22,0.37209,0.48854
1533,distractor_swap,0,0,31,-0.18376,0.28446
1534,combined_stress,0,0,38,-0.01925,0.53446
1535,distractor_swap,0,0,11,-0.20717,0.37899
1536,combined_stress,0,0,34,0.34824,0.20786
1537,object_displacement,0,0,17,0.24304,0.31960
1538,self_occlusion,0,0,10,0.35043,0.16686
1539,self_occlusion,0,0,41,0.03507,0.44707
1540,self_occlusion,1,0,10,0.11978,0.48410
1541,combined_stress,1,1,12,0.04443,0.09751
1542,nominal,1,0,18,-0.05189,0.27096
1543,self_occlusion,0,0,18,0.39546,0.24556
1544,object_displacement,1,0,12,-0.20530,0.56380
1545,combined_stress,0,0,33,0.02908,0.49815
1546,combined_stress,0,0,24,-0.24617,0.18588
1547,object_displacement,0,0,29,-0.02082,0.47944
1548,combined_stress,0,0,4,-0.15194,0.32690
1549,combined_stress,1,0,10,-0.12517,0.25801
1550,distractor_swap,1,0,23,-0.32181,0.45336
1551,object_displacement,1,0,12,-0.14611,0.16738
1552,combined_stress,1,0,2,0.30472,0.47307
1553,object_displacement,1,0,4,-0.15520,0.47039
1554,object_displacement,0,0,23,-0.21876,0.48171
1555,combined_stress,0,0,9,0.15440,0.27417
1556,object_displacement,1,0,41,-0.36576,0.39288
1557,combined_stress,0,0,38,-0.10423,0.10590
1558,nominal,0,0,28,0.41823,0.14489
1559,object_displacement,1,0,1,0.35943,0.26187
1560,object_displacement,0,0,22,0.40060,0.46095
1561,combined_stress,0,0,0,-0.14133,0.30792
1562,object_displacement,1,0,14,-0.20919,0.49843
1563,combined_stress,1,0,0,0.03480,0.51059
1564,object_displacement,0,0,26,0.20458,0.51375
1565,distractor_swap,1,0,35,0.35392,0.32699
1566,distractor_swap,1,0,12,0.07453,0.42812
1567,object_displacement,1,0,4,-0.12841,0.46411
1568,self_occlusion,0,0,10,0.31127,0.51597
1569,self_occlusion,1,0,12,0.00463,0.35248
1570,nominal,0,0,26,0.38556,0.12164
1571,distractor_swap,1,0,18,0.02218,0.27191
1572,nominal,0,0,16,-0.37776,0.17378
1573,combined_stress,0,0,38,-0.08069,0.46549
1574,self_occlusion,0,0,40,-0.14477,0.25865
1575,nominal,1,0,6,-0.28277,0.34904
1576,distractor_swap,1,0,2,-0.24896,0.18298
1577,object_displacement,0,0,16,-0.24577,0.19120
1578,nominal,0,0,15,-0.34962,0.15018
1579,self_occlusion,0,0,15,0.37210,0.22000
1580,distractor_swap,1,1,41,0.08813,0.28947
1581,combined_stress,0,0,14,0.45561,0.38165
1582,distractor_swap,0,0,19,-0.44471,0.40989
1583,nominal,1,0,5,-0.10955,0.53569
1584,combined_stress,1,0,9,0.20115,0.45122
1585,self_occlusion,0,0,21,-0.13699,0.36266
1586,nominal,1,0,28,0.06861,0.15811
1587,object_displacement,0,0,12,0.06467,0.06091
1588,distractor_swap,1,0,2,-0.17703,0.53134
1589,nominal,1,0,36,0.31981,0.28916
1590,self_occlusion,1,0,31,0.13354,0.19225
1591,object_displacement,0,0,29,-0.40906,0.28339
1592,distractor_swap,1,0,12,-0.24612,0.33720
1593,object_displacement,0,0,6,0.21315,0.45712
1594,nominal,0,0,25,0.44129,0.27116
1595,object_displacement,1,0,6,0.00647,0.48713
1596,object_displacement,1,0,12,0.35553,0.39878
1597,nominal,0,0,20,-0.14901,0.48052
1598,nominal,0,0,34,-0.08398,0.27572
1599,nominal,1,0,39,0.37986,0.22652
1600,distractor_swap,1,0,14,-0.17903,0.46465
1601,combined_stress,0,0,36,-0.44751,0.33217
1602,combined_stress,1,0,12,-0.07401,0.57961
1603,object_displacement,1,0,14,0.43869,0.13696
1604,combined_stress,1,0,17,0.02438,0.51875
1605,object_displacement,0,0,1,0.03868,0.14197
1606,object_displacement,0,0,18,-0.00656,0.41251
1607,nominal,1,0,38,0.15658,0.42830
1608,distractor_swap,1,1,21,0.15255,0.21042
1609,object_displacement,0,0,6,-0.17652,0.43847
1610,nominal,1,0,38,0.38812,0.28990
1611,nominal,0,0,15,0.22770,0.29895
1612,distractor_swap,1,0,16,-0.14862,0.23030
1613,distractor_swap,1,0,31,0.33324,0.32023
1614,object_displacement,1,0,15,-0.08700,0.21530
1615,nominal,1,0,14,-0.16114,0.42910
1616,nominal,1,0,33,-0.16386,0.50952
1617,nominal,0,0,0,-0.44182,0.08469
1618,distractor_swap,0,0,25,0.43716,0.37473
1619,self_occlusion,1,0,24,0.01650,0.19905
1620,nominal,1,0,1,-0.35379,0.23218
1621,object_displacement,1,0,40,0.20131,0.13501
1622,object_displacement,1,0,26,0.27244,0.25494
1623,nominal,0,0,29,-0.14772,0.25027
1624,nominal,1,0,13,-0.06085,0.10725
1625,self_occlusion,0,0,25,-0.25650,0.19332
1626,object_displacement,1,0,39,0.00247,0.25336
1627,object_displacement,0,0,9,0.40358,0.46800
1628,object_displacement,0,0,6,0.39215,0.43731
1629,self_occlusion,1,0,29,0.47465,0.34540
1630,nominal,0,0,34,-0.30008,0.19016
1631,self_occlusion,0,0,37,-0.09770,0.06750
1632,self_occlusion,1,0,4,0.10657,0.40817
1633,combined_stress,1,0,28,-0.18429,0.42484
1634,combined_stress,1,0,33,-0.40378,0.25785
1635,object_displacement,1,0,22,0.33582,0.13975
1636,nominal,1,0,12,0.27009,0.37266
1637,nominal,1,0,15,-0.41413,0.40961
1638,object_displacement,1,0,3,-0.15521,0.35010
1639,distractor_swap,1,1,40,0.13649,0.47652
1640,distractor_swap,0,0,32,-0.36412,0.25597
1641,combined_stress,1,0,8,0.05276,0.43320
1642,nominal,1,0,14,-0.22757,0.52081
1643,object_displacement,0,0,33,0.34776,0.32700
1644,self_occlusion,0,0,6,0.30886,0.12890
1645,object_displacement,0,0,19,0.03833,0.15923
1646,object_displacement,1,0,21,0.29277,0.31795
1647,object_displacement,0,0,32,0.13323,0.21973
1648,distractor_swap,0,0,30,-0.13651,0.35711
1649,object_displacement,1,0,36,-0.12956,0.21373
1650,object_displacement,1,0,36,0.23071,0.41465
1651,object_displacement,1,0,12,-0.01697,0.14161
1652,nominal,1,0,20,-0.27493,0.48786
1653,distractor_swap,0,0,24,-0.00075,0.43098
1654,object_displacement,1,0,6,0.38792,0.18639
1655,nominal,0,0,26,-0.14596,0.43021
1656,distractor_swap,1,0,15,0.08093,0.43288
1657,nominal,0,0,27,-0.01184,0.27312
1658,object_displacement,1,0,6,0.23806,0.36234
1659,nominal,1,0,38,-0.15972,0.35976
1660,object_displacement,0,0,13,-0.44533,0.44924
1661,combined_stress,0,0,12,0.37669,0.33924
1662,distractor_swap,0,0,27,0.27981,0.24627
1663,nominal,1,0,6,-0.45660,0.20008
1664,nominal,1,0,12,0.41636,0.28114
1665,object_displacement,0,0,29,0.17919,0.34761
1666,object_displacement,0,0,34,0.05060,0.35368
1667,self_occlusion,1,0,32,0.40449,0.33315
1668,object_displacement,1,0,6,0.37991,0.52340
1669,combined_stress,0,0,38,-0.26406,0.13983
1670,combined_stress,1,0,13,0.28014,0.50890
1671,nominal,1,0,27,-0.22828,0.37606
1672,distractor_swap,1,0,17,-0.40196,0.09929
1673,object_displacement,0,0,23,0.04099,0.41092
1674,nominal,1,0,28,0.41533,0.44068
1675,nominal,1,0,27,-0.16399,0.52231
1676,combined_stress,1,1,16,0.06495,0.41637
1677,combined_stress,1,1,5,-0.46807,0.17591
1678,object_displacement,1,0,8,0.40115,0.18763
1679,object_displacement,0,0,21,0.12716,0.27113
1680,distractor_swap,1,0,38,0.12943,0.39694
1681,nominal,0,0,21,0.17980,0.27574
1682,combined_stress,1,0,26,0.40859,0.19778
1683,object_displacement,1,0,8,0.19330,0.15739
1684,nominal,1,0,16,0.32766,0.49280
1685,combined_stress,1,0,9,0.46557,0.47861
1686,nominal,1,0,32,0.36276,0.22719
1687,object_displacement,1,0,28,-0.04315,0.43914
1688,object_displacement,1,0,5,-0.17106,0.16247
1689,nominal,0,0,19,-0.39338,0.44441
1690,distractor_swap,0,0,35,-0.06140,0.29976
1691,object_displacement,1,0,18,0.38183,0.34245
1692,object_displacement,1,1,38,-0.15091,0.39306
1693,self_occlusion,1,0,27,0.39162,0.11287
1694,object_displacement,1,0,3,-0.17281,0.14102
1695,self_occlusion,0,0,20,-0.43459,0.48281
1696,object_displacement,1,0,22,-0.30590,0.54440
1697,self_occlusion,1,0,4,0.17331,0.47667
1698,combined_stress,0,0,13,-0.08846,0.08120
1699,distractor_swap,1,1,19,-0.20321,0.11597
1700,nominal,1,0,4,-0.44077,0.17412
1701,object_displacement,1,0,0,-0.36572,0.48309
1702,object_displacement,1,1,2,0.19432,0.11869
1703,self_occlusion,1,0,15,-0.43872,0.31407
1704,combined_stress,1,0,41,0.33150,0.22457
1705,nominal,1,0,18,0.21023,0.28472
1706,nominal,0,0,21,0.25387,0.44741
1707,object_displacement,0,0,36,0.09860,0.19201
1708,nominal,0,0,3,-0.04857,0.22692
1709,combined_stress,0,0,7,0.32730,0.10241
1710,nominal,0,0,11,-0.15029,0.32291
1711,self_occlusion,1,0,26,0.42282,0.18702
1712,object_displacement,1,0,0,0.31438,0.26826
1713,nominal,0,0,0,-0.23035,0.46009
1714,object_displacement,0,0,9,-0.00807,0.27280
1715,distractor_swap,1,0,6,0.26706,0.36232
1716,combined_stress,0,0,11,-0.05233,0.40704
1717,nominal,0,0,29,-0.25613,0.49163
1718,object_displacement,0,0,27,0.35788,0.16303
1719,self_occlusion,1,0,8,-0.29790,0.47444
1720,nominal,0,0,24,-0.09114,0.26120
1721,combined_stress,1,0,28,0.19101,0.33461
1722,combined_stress,1,0,17,0.01390,0.19488
1723,combined_stress,1,0,19,0.06607,0.32407
1724,object_displacement,1,0,40,0.05037,0.29142
1725,object_displacement,1,0,25,-0.17948,0.40545
1726,combined_stress,1,1,38,-0.12451,0.45620
1727,nominal,1,0,10,-0.35470,0.48098
1728,combined_stress,0,0,6,-0.11170,0.49773
1729,distractor_swap,1,1,15,-0.35871,0.21307
1730,combined_stress,1,0,10,-0.23653,0.33212
1731,distractor_swap,1,0,37,0.04938,0.42620
1732,combined_stress,1,0,9,-0.19606,0.34568
1733,self_occlusion,0,0,20,0.06581,0.37652
1734,nominal,1,0,20,-0.05117,0.35691
1735,nominal,1,0,23,0.45266,0.50980
1736,nominal,0,0,9,0.45756,0.13427
1737,nominal,0,0,23,0.13127,0.32581
1738,distractor_swap,1,0,19,0.39265,0.15429
1739,distractor_swap,1,0,10,-0.38013,0.22660
1740,object_displacement,0,0,34,-0.22229,0.27633
1741,distractor_swap,1,1,1,0.26529,0.33476
1742,combined_stress,1,0,1,-0.38393,0.40716
1743,nominal,1,0,6,-0.06630,0.14598
1744,combined_stress,0,0,27,0.19657,0.49154
1745,self_occlusion,0,0,5,-0.18036,0.34331
1746,distractor_swap,0,0,26,0.39960,0.28990
1747,combined_stress,1,0,6,-0.29177,0.25641
1748,object_displacement,1,0,21,-0.32573,0.41021
1749,self_occlusion,0,0,24,-0.04312,0.38408
1750,combined_stress,1,0,37,-0.22558,0.45470
1751,combined_stress,1,1,8,-0.08967,0.34836
1752,nominal,1,0,2,-0.32814,0.42794
1753,combined_stress,1,0,38,-0.09699,0.23945
1754,combined_stress,1,0,22,-0.31029,0.17171
1755,nominal,1,0,37,-0.38076,0.32715
1756,object_displacement,1,0,27,-0.19594,0.18040
1757,distractor_swap,0,0,12,-0.10293,0.20152
1758,nominal,0,0,41,-0.02426,0.13005
1759,self_occlusion,1,0,7,-0.01157,0.09655
1760,nominal,1,0,27,-0.06269,0.36347
1761,distractor_swap,0,0,39,-0.11699,0.45305
1762,nominal,0,0,19,0.39922,0.50461
1763,object_displacement,1,0,30,0.33171,0.39087
1764,combined_stress,1,1,12,-0.36015,0.47467
1765,distractor_swap,1,1,30,0.31596,0.49036
1766,combined_stress,1,0,24,0.14480,0.53130
1767,object_displacement,1,0,25,0.26690,0.37716
1768,distractor_swap,1,0,22,-0.18042,0.36868
1769,self_occlusion,1,0,36,0.00843,0.37763
1770,combined_stress,0,0,19,0.14280,0.06312
1771,distractor_swap,1,1,39,-0.35196,0.32692
1772,self_occlusion,1,0,32,0.04663,0.12241
1773,object_displacement,0,0,38,0.52593,0.40026
1774,object_displacement,0,0,24,0.34937,0.36256
1775,nominal,1,1,17,0.04874,0.12271
1776,object_displacement,0,0,7,-0.39021,0.26858
1777,nominal,1,0,5,0.25127,0.32402
1778,nominal,0,0,26,-0.30381,0.36985
1779,distractor_swap,0,0,21,-0.08529,0.29999
1780,self_occlusion,0,0,18,-0.02446,0.54834
1781,self_occlusion,1,0,12,-0.16341,0.24123
1782,distractor_swap,0,0,39,0.22522,0.13371
1783,distractor_swap,1,0,34,-0.39931,0.45954
1784,combined_stress,0,0,18,0.07655,0.22420
1785,combined_stress,1,1,41,0.49837,0.34933
1786,self_occlusion,1,0,37,0.32319,0.40987
1787,combined_stress,1,1,8,-0.11181,0.51779
1788,combined_stress,1,0,6,-0.43673,0.46954
1789,combined_stress,1,0,31,-0.34340,0.13774
1790,self_occlusion,0,0,28,-0.41595,0.25390
1791,combined_stress,1,0,38,-0.40291,0.59154
1792,object_displacement,0,0,31,-0.40462,0.38097
1793,combined_stress,1,0,29,0.13548,0.39242
1794,combined_stress,1,1,41,0.36724,0.37301
1795,nominal,0,0,7,0.43599,0.47872
1796,object_displacement,1,0,40,-0.12676,0.51394
1797,object_displacement,0,0,5,0.25314,0.30294
1798,object_displacement,0,0,23,0.01487,0.05191
1799,nominal,1,0,4,-0.23364,0.44037
1800,distractor_swap,1,1,13,0.40993,0.37221
1801,combined_stress,1,1,23,0.44705,0.56179
1802,combined_stress,1,0,31,0.23759,0.50050
1803,distractor_swap,0,0,28,0.39042,0.23739
1804,self_occlusion,1,0,6,-0.38307,0.52346
1805,nominal,1,0,13,-0.01931,0.10268
1806,object_displacement,1,0,5,-0.26733,0.46442
1807,nominal,1,0,22,0.04920,0.37654
1808,nominal,0,0,12,-0.40037,0.21480
1809,self_occlusion,0,0,6,-0.00682,0.46871
1810,combined_stress,0,0,30,-0.06125,0.20970
1811,combined_stress,1,0,27,0.09004,0.49780
1812,object_displacement,1,1,14,-0.11160,0.41718
1813,object_displacement,0,0,5,0.16228,0.52359
1814,nominal,1,0,15,-0.11189,0.33382
1815,object_displacement,0,0,12,-0.36204,0.17024
1816,self_occlusion,1,0,7,0.05770,0.39984
1817,nominal,0,0,17,0.34647,0.27434
1818,nominal,1,0,4,-0.35695,0.22257
1819,distractor_swap,1,0,37,-0.30960,0.48764
1820,nominal,1,0,1,0.34357,0.25889
1821,self_occlusion,1,0,36,0.30643,0.25678
1822,distractor_swap,1,1,38,0.16992,0.43223
1823,combined_stress,0,0,20,0.17639,0.08901
1824,object_displacement,1,0,22,0.41842,0.27190
1825,object_displacement,0,0,2,-0.27061,0.35179
1826,distractor_swap,0,0,5,0.12511,0.28299
1827,nominal,1,0,14,0.13130,0.32926
1828,object_displacement,0,0,3,-0.09083,0.08760
1829,combined_stress,0,0,25,0.35860,0.18522
1830,nominal,1,0,36,-0.40936,0.25701
1831,combined_stress,1,0,23,-0.40051,0.44939
1832,combined_stress,1,1,27,-0.41182,0.35117
1833,distractor_swap,1,0,14,-0.13138,0.23149
1834,self_occlusion,1,0,41,0.45356,0.11500
1835,object_displacement,1,0,32,0.07295,0.41747
1836,object_displacement,1,0,39,0.02397,0.33001
1837,self_occlusion,1,0,37,-0.18432,0.11507
1838,object_displacement,1,1,18,-0.04466,0.44020
1839,nominal,0,0,25,0.34389,0.22681
1840,self_occlusion,0,0,38,0.02949,0.28293
1841,combined_stress,0,0,34,-0.36383,0.48695
1842,combined_stress,0,0,10,-0.09889,0.21183
1843,object_displacement,1,0,28,-0.18910,0.41828
1844,nominal,0,0,32,0.32055,0.49898
1845,nominal,1,0,35,-0.00103,0.11881
1846,object_displacement,1,0,3,0.35653,0.28118
1847,self_occlusion,1,0,10,-0.02254,0.14222
1848,object_displacement,1,0,18,0.05036,0.35110
1849,nominal,1,0,16,-0.05034,0.19785
1850,nominal,1,0,10,0.35648,0.12548
1851,self_occlusion,1,0,4,-0.24427,0.20259
1852,object_displacement,1,0,5,0.44633,0.39713
1853,nominal,1,0,23,0.32652,0.31412
1854,self_occlusion,1,0,25,0.42614,0.26873
1855,combined_stress,1,0,4,0.41790,0.12751
1856,distractor_swap,1,1,25,-0.22188,0.07609
1857,self_occlusion,0,0,7,-0.45193,0.32447
1858,object_displacement,0,0,30,0.12671,0.10890
1859,combined_stress,1,0,19,0.30015,0.39731
1860,distractor_swap,0,0,17,-0.11605,0.21407
1861,self_occlusion,1,0,30,-0.21558,0.11497
1862,combined_stress,1,0,28,-0.00082,0.32562
1863,nominal,0,0,20,0.32481,0.48419
1864,combined_stress,1,0,13,-0.34208,0.16276
1865,combined_stress,1,0,19,-0.07384,0.47589
1866,combined_stress,1,0,0,0.02793,0.23077
1867,combined_stress,1,0,5,-0.37551,0.20161
1868,distractor_swap,0,0,18,-0.12335,0.14442
1869,self_occlusion,1,0,16,-0.36577,0.22608
1870,combined_stress,1,1,4,-0.33512,0.41131
1871,nominal,1,0,7,0.33893,0.17647
1872,nominal,1,0,25,0.16336,0.09007
1873,combined_stress,1,1,23,0.46751,0.46647
1874,object_displacement,0,0,27,0.36233,0.11446
1875,self_occlusion,0,0,22,0.22522,0.39386
1876,distractor_swap,1,0,21,0.01350,0.12585
1877,combined_stress,1,1,37,-0.36475,0.47000
1878,object_displacement,1,1,18,-0.45238,0.23368
1879,distractor_swap,0,0,1,0.11365,0.15094
1880,self_occlusion,0,0,8,-0.01605,0.48380
1881,nominal,0,0,8,0.30865,0.28715
1882,distractor_swap,0,0,39,-0.43814,0.37794
1883,distractor_swap,1,0,37,-0.23842,0.28570
1884,object_displacement,0,0,41,0.28831,0.47251
1885,self_occlusion,0,0,26,-0.31572,0.48571
1886,distractor_swap,1,0,14,-0.42456,0.24374
1887,nominal,0,0,6,-0.43584,0.49932
1888,nominal,0,0,29,0.35714,0.47080
1889,combined_stress,1,0,4,-0.30369,0.42701
1890,object_displacement,0,0,24,-0.25840,0.22474
1891,nominal,1,0,41,0.12757,0.39778
1892,nominal,1,0,29,-0.20372,0.45612
1893,nominal,1,0,8,0.44671,0.37884
1894,combined_stress,1,0,17,0.48674,0.26501
1895,combined_stress,1,0,40,0.07363,0.12659
1896,nominal,1,0,5,0.03380,0.31129
1897,distractor_swap,0,0,10,0.09021,0.46798
1898,distractor_swap,0,0,36,-0.16739,0.24917
1899,distractor_swap,1,0,40,-0.02638,0.12662
1900,distractor_swap,1,0,35,-0.10759,0.16959
1901,distractor_swap,1,0,28,-0.23244,0.25503
1902,distractor_swap,0,0,37,-0.44809,0.52969
1903,distractor_swap,1,0,35,-0.28816,0.26147
1904,combined_stress,1,0,11,0.30075,0.39425
1905,nominal,1,0,20,-0.29534,0.36479
1906,object_displacement,1,0,33,0.27259,0.47567
1907,combined_stress,1,0,11,-0.16956,0.52696
1908,combined_stress,1,0,35,-0.17355,0.43724
1909,object_displacement,0,0,15,0.14637,0.25907
1910,distractor_swap,0,0,13,-0.08263,0.35490
1911,distractor_swap,0,0,39,-0.15419,0.33031
1912,combined_stress,1,1,41,0.07424,0.32510
1913,distractor_swap,1,0,13,-0.06658,0.24692
1914,self_occlusion,0,0,6,-0.08050,0.27334
1915,self_occlusion,0,0,5,-0.19890,0.54019
1916,object_displacement,1,0,41,-0.21008,0.37820
1917,nominal,0,0,41,-0.36787,0.23328
1918,object_displacement,1,0,33,-0.08303,0.23312
1919,distractor_swap,1,0,6,-0.20516,0.37644
1920,self_occlusion,1,1,29,0.37581,0.17054
1921,distractor_swap,0,0,5,-0.16043,0.42228
1922,nominal,0,0,2,-0.07889,0.52869
1923,distractor_swap,0,0,15,0.25683,0.42795
1924,distractor_swap,1,0,18,0.08616,0.29606
1925,distractor_swap,0,0,33,0.12589,0.30095
1926,nominal,1,0,10,-0.08881,0.42322
1927,nominal,1,0,35,0.10157,0.29168
1928,distractor_swap,0,0,9,0.40242,0.34919
1929,object_displacement,0,0,22,0.47101,0.28626
1930,combined_stress,1,0,7,-0.15914,0.37139
1931,combined_stress,1,0,17,0.37705,0.17286
1932,nominal,1,0,9,-0.41868,0.53233
1933,distractor_swap,1,1,28,-0.43763,0.41014
1934,object_displacement,1,0,18,-0.30833,0.31375
1935,self_occlusion,1,0,16,-0.00514,0.30437
1936,object_displacement,1,0,23,0.45610,0.37466
1937,distractor_swap,1,0,34,0.21182,0.40676
1938,combined_stress,1,0,16,0.20681,0.39834
1939,combined_stress,0,0,22,0.29288,0.25770
1940,object_displacement,1,0,20,-0.08380,0.44439
1941,combined_stress,1,0,32,-0.03623,0.20771
1942,nominal,1,0,30,-0.33688,0.10378
1943,nominal,1,0,6,0.28819,0.33667
1944,combined_stress,1,0,21,-0.01962,0.27354
1945,combined_stress,1,0,34,-0.24624,0.44083
1946,distractor_swap,1,0,41,0.07790,0.23097
1947,distractor_swap,1,0,15,-0.32540,0.36072
1948,object_displacement,0,0,21,-0.39775,0.50806
1949,combined_stress,1,0,1,0.05134,0.25861
1950,distractor_swap,1,0,39,0.14699,0.11062
1951,object_displacement,0,0,15,0.01707,0.19902
1952,nominal,0,0,29,-0.06879,0.20613
1953,self_occlusion,0,0,41,-0.20713,0.16952
1954,combined_stress,1,1,0,0.36884,0.41054
1955,self_occlusion,0,0,11,-0.35610,0.19895
1956,self_occlusion,1,0,10,0.45935,0.19207
1957,object_displacement,0,0,39,0.02959,0.10112
1958,distractor_swap,1,1,28,-0.26229,0.24023
1959,self_occlusion,1,1,5,0.42241,0.49144
1960,distractor_swap,0,0,34,-0.41596,0.13870
1961,distractor_swap,1,0,10,-0.19891,0.16351
1962,self_occlusion,0,0,22,0.04839,0.39153
1963,self_occlusion,1,0,23,0.41834,0.20613
1964,object_displacement,1,0,2,0.36594,0.42434
1965,distractor_swap,1,1,11,0.26272,0.35840
1966,combined_stress,0,0,22,-0.09307,0.22019
1967,nominal,0,0,11,0.44437,0.18870
1968,nominal,1,0,11,-0.34535,0.09037
1969,distractor_swap,1,0,10,0.34825,0.32780
1970,combined_stress,1,0,14,0.34615,0.19534
1971,nominal,1,0,21,0.28353,0.08302
1972,distractor_swap,1,0,34,-0.26915,0.17955
1973,self_occlusion,0,0,0,-0.33145,0.23112
1974,object_displacement,1,0,3,-0.34960,0.31471
1975,combined_stress,1,0,35,-0.03948,0.27985
1976,distractor_swap,1,1,28,-0.37266,0.17484
1977,self_occlusion,1,0,21,0.24726,0.13137
1978,object_displacement,1,1,5,0.02686,0.11409
1979,combined_stress,0,0,31,0.02922,0.36311
1980,object_displacement,0,0,33,0.17802,0.40771
1981,self_occlusion,0,0,31,0.33091,0.33947
1982,nominal,0,0,30,0.27157,0.25738
1983,object_displacement,1,0,4,-0.09554,0.12062
1984,object_displacement,1,0,24,-0.22002,0.52933
1985,self_occlusion,0,0,17,0.19497,0.20591
1986,combined_stress,1,0,17,0.31660,0.15711
1987,self_occlusion,0,0,30,-0.41985,0.21091
1988,nominal,1,0,16,-0.31570,0.31570
1989,self_occlusion,1,0,35,-0.23014,0.37658
1990,distractor_swap,1,0,38,0.05974,0.21006
1991,combined_stress,0,0,3,-0.41517,0.14646
1992,combined_stress,1,1,10,0.01908,0.07431
1993,object_displacement,1,0,37,-0.30784,0.35685
1994,distractor_swap,1,1,21,0.25419,0.51746
1995,self_occlusion,0,0,7,0.32045,0.11853
1996,combined_stress,1,0,9,0.08551,0.44871
1997,distractor_swap,1,1,35,0.09253,0.11645
1998,distractor_swap,1,1,41,0.06519,0.35911
1999,object_displacement,0,0,20,-0.44180,0.26306
2000,self_occlusion,1,0,0,-0.36828,0.42333
2001,combined_stress,0,0,13,0.15233,0.44949
2002,nominal,1,0,23,0.27741,0.35774
2003,combined_stress,1,0,13,0.15550,0.11822
2004,distractor_swap,1,1,35,-0.09938,0.33019
2005,distractor_swap,0,0,36,0.43736,0.11534
2006,nominal,1,1,15,0.07224,0.31151
2007,combined_stress,1,1,0,-0.05339,0.34030
2008,distractor_swap,1,0,19,-0.17027,0.49882
2009,self_occlusion,1,0,10,0.24416,0.24249
2010,nominal,0,0,11,0.29674,0.24053
2011,object_displacement,1,0,30,-0.33900,0.21479
2012,nominal,1,0,30,-0.06463,0.19215
2013,object_displacement,0,0,9,0.04941,0.34133
2014,object_displacement,1,0,35,0.31176,0.28469
2015,object_displacement,1,0,30,-0.06054,0.19380
2016,distractor_swap,0,0,2,-0.05973,0.43778
2017,self_occlusion,1,0,24,-0.02905,0.22708
2018,combined_stress,0,0,19,-0.13797,0.27225
2019,object_displacement,1,0,32,-0.03569,0.17351
2020,combined_stress,0,0,18,0.02265,0.31975
2021,nominal,1,0,18,0.11128,0.42204
2022,combined_stress,1,0,24,-0.36313,0.53267
2023,combined_stress,0,0,7,0.35739,0.16739
2024,distractor_swap,0,0,13,0.08350,0.49570
2025,object_displacement,0,0,23,0.42009,0.21544
2026,distractor_swap,0,0,0,0.23171,0.38476
2027,object_displacement,1,0,14,-0.42377,0.37589
2028,combined_stress,1,1,16,0.18079,0.41810
2029,object_displacement,0,0,2,-0.26144,0.22999
2030,object_displacement,1,1,17,-0.37742,0.16292
2031,distractor_swap,1,0,22,-0.39298,0.32151
2032,distractor_swap,1,0,40,0.14307,0.40086
2033,distractor_swap,1,1,39,-0.35130,0.51564
2034,combined_stress,1,0,27,-0.06273,0.44999
2035,object_displacement,0,0,26,0.03291,0.29603
2036,object_displacement,1,0,27,0.23070,0.49991
2037,combined_stress,1,0,27,-0.14056,0.20852
2038,object_displacement,0,0,7,-0.15607,0.50885
2039,combined_stress,0,0,18,-0.13639,0.54634
2040,self_occlusion,1,0,13,0.23731,0.11587
2041,combined_stress,1,1,26,0.09776,0.18299
2042,combined_stress,0,0,4,-0.26380,0.19050
2043,distractor_swap,0,0,11,-0.38543,0.14432
2044,combined_stress,1,1,40,0.25867,0.18244
2045,distractor_swap,1,1,2,0.41824,0.41109
2046,nominal,1,0,1,-0.37863,0.20633
2047,self_occlusion,1,0,26,0.40608,0.49315
2048,combined_stress,1,0,9,-0.42911,0.18687
2049,nominal,0,0,15,0.13603,0.32438
2050,object_displacement,0,0,23,0.32063,0.24016
2051,object_displacement,1,0,39,0.22644,0.52087
2052,self_occlusion,1,0,29,-0.09285,0.51282
2053,distractor_swap,0,0,34,0.19285,0.15533
2054,nominal,1,0,8,-0.19823,0.45869
2055,combined_stress,1,1,40,-0.26422,0.15795
2056,combined_stress,1,0,15,0.26873,0.23264
2057,object_displacement,0,0,28,0.20440,0.13594
2058,nominal,1,0,32,0.09803,0.43619
2059,nominal,1,0,37,0.30715,0.39310
2060,distractor_swap,0,0,6,-0.27661,0.09907
2061,object_displacement,0,0,8,-0.29564,0.26171
2062,combined_stress,1,1,31,0.26982,0.35644
2063,object_displacement,1,1,15,-0.10042,0.27910
2064,combined_stress,0,0,4,-0.43803,0.37168
2065,nominal,0,0,19,0.36008,0.39120
2066,object_displacement,1,0,30,0.09537,0.10023
2067,distractor_swap,1,0,27,0.10405,0.38842
2068,combined_stress,0,0,11,-0.31489,0.35279
2069,nominal,1,0,39,0.02740,0.26694
2070,object_displacement,1,0,21,-0.31804,0.44004
2071,self_occlusion,1,0,4,0.31755,0.16359
2072,combined_stress,1,0,34,-0.36030,0.23317
2073,combined_stress,0,0,16,-0.18493,0.08107
2074,distractor_swap,0,0,34,-0.05632,0.25576
2075,self_occlusion,0,0,37,-0.07715,0.20785
2076,combined_stress,1,0,17,0.07731,0.56102
2077,self_occlusion,1,0,41,0.03002,0.38389
2078,object_displacement,1,1,41,0.40612,0.24113
2079,self_occlusion,1,0,11,-0.30497,0.43266
2080,distractor_swap,0,0,37,0.28340,0.52579
2081,self_occlusion,0,0,23,0.10952,0.35852
2082,nominal,1,0,26,-0.13869,0.20337
2083,object_displacement,1,0,7,-0.37068,0.20259
2084,combined_stress,0,0,32,0.28268,0.34409
2085,object_displacement,0,0,0,-0.07139,0.34986
2086,self_occlusion,1,0,2,-0.34671,0.41252
2087,self_occlusion,1,0,21,0.42305,0.40925
2088,combined_stress,1,0,12,0.13619,0.21710
2089,self_occlusion,1,0,36,0.38087,0.25365
2090,nominal,1,0,20,-0.43903,0.21610
2091,distractor_swap,0,0,41,-0.00335,0.08548
2092,object_displacement,0,0,26,-0.25275,0.06967
2093,object_displacement,1,0,39,0.12490,0.51417
2094,nominal,1,0,11,-0.37160,0.27487
2095,object_displacement,0,0,22,-0.09760,0.09388
2096,self_occlusion,1,0,6,-0.24655,0.27838
2097,distractor_swap,0,0,23,0.32417,0.52595
2098,combined_stress,1,0,7,0.01963,0.50010
2099,nominal,0,0,23,-0.04463,0.49964
2100,distractor_swap,0,0,30,0.20178,0.14370
2101,distractor_swap,1,1,16,0.26612,0.11302
2102,nominal,0,0,19,-0.17180,0.39011
2103,combined_stress,0,0,5,0.25278,0.33632
2104,distractor_swap,1,0,4,-0.14998,0.52432
2105,self_occlusion,1,0,31,-0.38372,0.48179
2106,self_occlusion,1,0,33,0.08596,0.21420
2107,nominal,1,0,31,-0.08758,0.50844
2108,self_occlusion,1,0,40,0.28798,0.46856
2109,object_displacement,1,0,29,0.28799,0.23298
2110,object_displacement,0,0,19,0.20549,0.32825
2111,self_occlusion,0,0,8,-0.01940,0.31171
2112,self_occlusion,1,1,41,0.05254,0.41518
2113,nominal,0,0,32,-0.27872,0.36207
2114,distractor_swap,1,0,6,-0.37529,0.52914
2115,nominal,0,0,3,-0.08135,0.41397
2116,object_displacement,1,0,8,0.20724,0.36174
2117,distractor_swap,1,0,40,0.07435,0.53959
2118,nominal,0,0,10,0.10486,0.20829
2119,distractor_swap,1,0,4,0.35054,0.50511
2120,distractor_swap,1,0,4,0.31791,0.14980
2121,nominal,1,0,11,-0.33329,0.22876
2122,object_displacement,1,0,39,0.24957,0.43115
2123,combined_stress,0,0,21,-0.23902,0.24733
2124,distractor_swap,1,1,0,0.41363,0.16342
2125,object_displacement,0,0,4,0.29100,0.10623
2126,nominal,1,1,1,0.10129,0.22944
2127,distractor_swap,1,1,24,0.35898,0.54949
2128,object_displacement,1,0,32,-0.04565,0.27202
2129,nominal,0,0,29,0.13757,0.46893
2130,combined_stress,1,0,2,0.37616,0.38280
2131,object_displacement,0,0,29,-0.01933,0.23720
2132,distractor_swap,0,0,33,-0.36890,0.47479
2133,object_displacement,1,0,0,-0.26191,0.46606
2134,object_displacement,1,0,0,-0.01299,0.24819
2135,self_occlusion,1,0,17,0.13448,0.14691
2136,object_displacement,0,0,10,-0.44508,0.20855
2137,nominal,0,0,25,-0.35290,0.33976
2138,nominal,1,0,29,-0.40724,0.26972
2139,combined_stress,1,0,7,-0.16834,0.38449
2140,distractor_swap,1,1,9,0.22771,0.38110
2141,combined_stress,1,0,11,-0.20923,0.27755
2142,self_occlusion,0,0,6,0.04403,0.40493
2143,self_occlusion,1,1,7,-0.27489,0.35757
2144,combined_stress,1,0,19,0.11014,0.26985
2145,distractor_swap,1,1,21,0.38740,0.14393
2146,object_displacement,1,0,30,0.15437,0.17862
2147,combined_stress,1,0,8,-0.07482,0.08973
2148,distractor_swap,1,0,31,-0.12244,0.43220
2149,nominal,0,0,35,-0.07895,0.09734
2150,distractor_swap,1,0,24,-0.30428,0.09340
2151,combined_stress,0,0,9,-0.32991,0.20354
2152,object_displacement,0,0,8,-0.10125,0.37047
2153,nominal,1,0,17,0.26403,0.15094
2154,object_displacement,1,0,34,0.18519,0.52836
2155,self_occlusion,1,0,21,0.27828,0.22631
2156,self_occlusion,0,0,4,0.35755,0.11107
2157,nominal,0,0,9,-0.05839,0.18392
2158,self_occlusion,1,0,10,0.44388,0.13847
2159,self_occlusion,0,0,16,0.05089,0.46848
2160,self_occlusion,1,0,35,-0.11692,0.46553
2161,combined_stress,1,0,10,0.04092,0.30206
2162,combined_stress,1,0,38,-0.48690,0.44355
2163,self_occlusion,0,0,12,0.33044,0.12158
2164,self_occlusion,1,0,20,0.34163,0.53986
2165,object_displacement,0,0,7,-0.45907,0.46999
2166,distractor_swap,1,1,6,-0.05207,0.49421
2167,distractor_swap,0,0,26,-0.00303,0.11810
2168,object_displacement,0,0,40,0.49465,0.47179
2169,object_displacement,0,0,12,-0.09339,0.21631
2170,combined_stress,0,0,21,0.45794,0.43638
2171,combined_stress,0,0,0,0.23332,0.22283
2172,distractor_swap,1,0,1,0.21775,0.26179
2173,object_displacement,1,0,19,-0.00248,0.23046
2174,distractor_swap,1,0,8,-0.17854,0.18041
2175,distractor_swap,0,0,12,0.34044,0.44192
2176,combined_stress,0,0,23,-0.38776,0.15440
2177,combined_stress,1,0,16,-0.07047,0.31222
2178,distractor_swap,0,0,7,-0.08737,0.23515
2179,object_displacement,0,0,4,0.21318,0.44534
2180,self_occlusion,1,0,3,-0.36326,0.19851
2181,self_occlusion,1,0,12,0.28550,0.54883
2182,object_displacement,0,0,35,-0.38521,0.13896
2183,nominal,0,0,34,-0.24828,0.22916
2184,self_occlusion,0,0,19,0.32499,0.47653
2185,nominal,0,0,41,-0.12890,0.44528
2186,self_occlusion,0,0,28,0.01197,0.26433
2187,nominal,0,0,22,0.14817,0.23701
2188,combined_stress,0,0,29,-0.12992,0.07716
2189,distractor_swap,1,0,33,-0.43967,0.39976
2190,self_occlusion,1,1,41,0.35944,0.23469
2191,self_occlusion,1,0,3,0.03633,0.26721
2192,object_displacement,0,0,20,0.29035,0.09168
2193,nominal,0,0,18,-0.11088,0.46717
2194,object_displacement,0,0,37,0.33809,0.04709
2195,nominal,0,0,20,-0.38261,0.34799
2196,self_occlusion,0,0,2,0.10374,0.44925
2197,object_displacement,1,0,18,0.05580,0.44417
2198,distractor_swap,0,0,2,0.14407,0.50661
2199,object_displacement,0,0,12,0.00649,0.39248
